tree_isic_3_1,tree_isic_rev4,comment,prefixed_id,skos_uri
0111,0111,one-to-many correspondence,604be733-52a5-4c88-ab6e-93550aaf440d,http://www.w3.org/2004/02/skos/core#narrowMatch
0111,0112,one-to-many correspondence,543b8d85-6299-421d-9353-ae6264fe9552,http://www.w3.org/2004/02/skos/core#narrowMatch
0111,0113,many-to-many correspondence,d34f1951-2441-412d-bfe0-aabb534cff7a,http://www.w3.org/2004/02/skos/core#relatedMatch
0111,0114,one-to-many correspondence,b377e13c-0f29-446b-9e6b-7fd9cd1993c3,http://www.w3.org/2004/02/skos/core#narrowMatch
0111,0115,one-to-many correspondence,04459a86-c32f-40b7-a12f-9d063fa36821,http://www.w3.org/2004/02/skos/core#narrowMatch
0111,0116,one-to-many correspondence,568dfcaf-ecec-4ae0-96c8-4eaba7ed3e82,http://www.w3.org/2004/02/skos/core#narrowMatch
0111,0119,many-to-many correspondence,db4e2982-7adc-4e76-a0d6-4e73c49e9921,http://www.w3.org/2004/02/skos/core#relatedMatch
0111,0126,many-to-many correspondence,0d7bcd3b-f9ea-4522-bca4-a216487cd149,http://www.w3.org/2004/02/skos/core#relatedMatch
0111,0128,many-to-many correspondence,0388d8e4-8253-4479-bff1-6e1f8a82ef53,http://www.w3.org/2004/02/skos/core#relatedMatch
0111,0129,many-to-many correspondence,9f5b76f4-aeeb-4779-bbb7-6a697ef29330,http://www.w3.org/2004/02/skos/core#relatedMatch
0111,0163,many-to-many correspondence,7841a774-bd50-4fca-bf1f-fba684f3a0a6,http://www.w3.org/2004/02/skos/core#relatedMatch
0112,0113,many-to-many correspondence,8963d116-034a-41d4-9455-5dd0fef28abc,http://www.w3.org/2004/02/skos/core#relatedMatch
0112,0119,many-to-many correspondence,2892bd1a-f804-42c2-9e14-2f6d5e57b81e,http://www.w3.org/2004/02/skos/core#relatedMatch
0112,0125,many-to-many correspondence,9c4d694b-55b5-460c-b076-04e8a260d66a,http://www.w3.org/2004/02/skos/core#relatedMatch
0112,0128,many-to-many correspondence,2da22ba4-aadc-4efc-bd30-4f3e56c72fc8,http://www.w3.org/2004/02/skos/core#relatedMatch
0112,0129,many-to-many correspondence,b4bc01c2-a90e-46cf-a663-101ebe5b3067,http://www.w3.org/2004/02/skos/core#relatedMatch
0112,0130,many-to-many correspondence,0dece44f-226d-4583-9d58-905d62821bec,http://www.w3.org/2004/02/skos/core#relatedMatch
0112,0230,many-to-many correspondence,00e19f57-295d-4ae4-87dc-172ca8e56bb3,http://www.w3.org/2004/02/skos/core#relatedMatch
0113,0121,one-to-many correspondence,98a72d3a-aec0-4837-ac8f-85915fb79c4b,http://www.w3.org/2004/02/skos/core#narrowMatch
0113,0122,one-to-many correspondence,dec732b4-9b58-4645-adf3-b4e162c71b19,http://www.w3.org/2004/02/skos/core#narrowMatch
0113,0123,one-to-many correspondence,d3e9ff36-8303-4290-a41f-673a06a5fd7f,http://www.w3.org/2004/02/skos/core#narrowMatch
0113,0124,one-to-many correspondence,f941b896-1658-4d25-916e-52d03727d7e8,http://www.w3.org/2004/02/skos/core#narrowMatch
0113,0125,many-to-many correspondence,e3370652-f27d-40d3-8cfc-fc14694e0419,http://www.w3.org/2004/02/skos/core#relatedMatch
0113,0126,many-to-many correspondence,be6a9012-4a9b-41d7-9dc7-5dd101e034ea,http://www.w3.org/2004/02/skos/core#relatedMatch
0113,0127,one-to-many correspondence,78b2c846-4398-441b-a57c-0cec400da365,http://www.w3.org/2004/02/skos/core#narrowMatch
0113,0128,many-to-many correspondence,e3118890-9b9c-4b26-8164-8933ebdf7d21,http://www.w3.org/2004/02/skos/core#relatedMatch
0113,0230,many-to-many correspondence,017fb09e-adf2-4e00-8a22-3cab9324815e,http://www.w3.org/2004/02/skos/core#relatedMatch
0113,1102,many-to-many correspondence,912ecf99-9384-4051-9c27-e555de771209,http://www.w3.org/2004/02/skos/core#relatedMatch
0121,0141,one-to-many correspondence,b7fb33d6-98f2-4991-93c0-242d31d50f7b,http://www.w3.org/2004/02/skos/core#narrowMatch
0121,0142,one-to-many correspondence,b99b2659-e02b-42f2-a5de-a75864c85699,http://www.w3.org/2004/02/skos/core#narrowMatch
0121,0144,one-to-many correspondence,64f2e602-b2b8-46ff-817b-62bbcc69fff1,http://www.w3.org/2004/02/skos/core#narrowMatch
0122,0143,one-to-many correspondence,5fbf70a8-735e-4192-addb-2806f362db10,http://www.w3.org/2004/02/skos/core#narrowMatch
0122,0145,one-to-many correspondence,20f0334b-3d7b-483b-9188-896bacf14b3d,http://www.w3.org/2004/02/skos/core#narrowMatch
0122,0146,one-to-many correspondence,9c0f9a6f-6fc4-4ff7-9a0c-7c3195d01e62,http://www.w3.org/2004/02/skos/core#narrowMatch
0122,0149,one-to-many correspondence,b71fdf0f-5160-40c4-a5b5-528079be9c7f,http://www.w3.org/2004/02/skos/core#narrowMatch
0122,0321,many-to-many correspondence,fb79e31e-1a06-4251-b6a3-57d3a31f1b92,http://www.w3.org/2004/02/skos/core#relatedMatch
0122,0322,many-to-many correspondence,cc837d6d-9b9a-48c7-89b1-c4b91e73e62c,http://www.w3.org/2004/02/skos/core#relatedMatch
0130,0150,one-to-one correspondence,fd4d5f22-f850-4dc9-ac04-f806c242e329,http://www.w3.org/2004/02/skos/core#exactMatch
0140,0161,one-to-many correspondence,037dc41a-47f6-4f87-9cf9-fae3f9b9e666,http://www.w3.org/2004/02/skos/core#narrowMatch
0140,0162,many-to-many correspondence,aa9af132-283f-4fbb-87a2-68d1e835dca9,http://www.w3.org/2004/02/skos/core#relatedMatch
0140,0163,many-to-many correspondence,6420a766-53c7-43e1-ab0c-5d7e777440b9,http://www.w3.org/2004/02/skos/core#relatedMatch
0140,0164,one-to-many correspondence,7308a078-b986-4007-91f8-f9942305f648,http://www.w3.org/2004/02/skos/core#narrowMatch
0140,8130,many-to-many correspondence,558bd950-89fc-487f-b8bc-4dbfc5af3dd1,http://www.w3.org/2004/02/skos/core#relatedMatch
0150,0170,one-to-many correspondence,36d06246-341b-4680-9be3-7d6373a6ed7b,http://www.w3.org/2004/02/skos/core#narrowMatch
0150,9499,many-to-many correspondence,7a834388-304b-45e7-968f-a76cf7361d84,http://www.w3.org/2004/02/skos/core#relatedMatch
0200,0129,many-to-many correspondence,9ddd50b2-1ad9-4833-9433-5984d1cbd1e6,http://www.w3.org/2004/02/skos/core#relatedMatch
0200,0130,many-to-many correspondence,8d58a65c-d63d-4d26-ba23-0d67bb56ced3,http://www.w3.org/2004/02/skos/core#relatedMatch
0200,0210,one-to-many correspondence,0cb35955-8248-4627-97cf-91da47a55ad5,http://www.w3.org/2004/02/skos/core#narrowMatch
0200,0220,one-to-many correspondence,0bd48d7d-ce3b-4310-be26-52c9d2825dd3,http://www.w3.org/2004/02/skos/core#narrowMatch
0200,0230,many-to-many correspondence,ad6d7a9c-d11c-4ea1-b679-f3417c281c1c,http://www.w3.org/2004/02/skos/core#relatedMatch
0200,0240,one-to-many correspondence,850e87a3-6cef-463a-b3ff-f76bf61513b2,http://www.w3.org/2004/02/skos/core#narrowMatch
0501,0311,one-to-many correspondence,76497191-ccac-4c17-9e4f-1b2990f4b91d,http://www.w3.org/2004/02/skos/core#narrowMatch
0501,0312,one-to-many correspondence,41357108-252d-4592-b2b5-e87b99ac1d0d,http://www.w3.org/2004/02/skos/core#narrowMatch
0502,0321,many-to-many correspondence,3fb06b7e-45be-4ce6-b1cd-1aff96ba3def,http://www.w3.org/2004/02/skos/core#relatedMatch
0502,0322,many-to-many correspondence,e6904317-4abe-47c2-a2ed-b380f08cd669,http://www.w3.org/2004/02/skos/core#relatedMatch
1010,0510,one-to-many correspondence,f99dc44a-4a44-434d-9286-1a3c1baec3e5,http://www.w3.org/2004/02/skos/core#narrowMatch
1010,0990,many-to-many correspondence,a5b80338-90aa-499c-a97f-8a8b19c28a89,http://www.w3.org/2004/02/skos/core#relatedMatch
1010,1920,many-to-many correspondence,c83956e7-909e-408f-bc6b-613222501c95,http://www.w3.org/2004/02/skos/core#relatedMatch
1020,0520,one-to-many correspondence,b5627962-f2d5-4e2d-b9be-a5224ee7a77c,http://www.w3.org/2004/02/skos/core#narrowMatch
1020,0990,many-to-many correspondence,cfde348f-a19d-4849-b8df-382cf24ef49d,http://www.w3.org/2004/02/skos/core#relatedMatch
1020,1920,many-to-many correspondence,68ae5e14-5f6e-4f40-922c-67cd036d1a91,http://www.w3.org/2004/02/skos/core#relatedMatch
1030,0892,one-to-many correspondence,538565c0-0c98-468b-9e94-fdd87ec4785c,http://www.w3.org/2004/02/skos/core#narrowMatch
1030,0990,many-to-many correspondence,0cbb119a-2fea-4fc5-ba22-5fba6676e1b8,http://www.w3.org/2004/02/skos/core#relatedMatch
1110,0610,one-to-many correspondence,48e367f4-4822-4177-a058-c7902db52c2c,http://www.w3.org/2004/02/skos/core#narrowMatch
1110,0620,one-to-many correspondence,01ea382c-5f75-416e-92ef-a7b2d641dbeb,http://www.w3.org/2004/02/skos/core#narrowMatch
1110,0910,many-to-many correspondence,76503a44-8202-464a-8286-b554eb9f4ff1,http://www.w3.org/2004/02/skos/core#relatedMatch
1120,0910,many-to-one correspondence,5ca9de0c-47cc-4ffb-ac0d-20d31d5b8fa2,http://www.w3.org/2004/02/skos/core#broadMatch
1200,0721,one-to-many correspondence,8e40fba3-c3f0-4be7-affc-b23ff65106ec,http://www.w3.org/2004/02/skos/core#narrowMatch
1200,0990,many-to-many correspondence,21a2c8e0-a8b9-41ab-98eb-711611fc17b3,http://www.w3.org/2004/02/skos/core#relatedMatch
1310,0710,one-to-many correspondence,35290cd7-f696-4698-96ca-5c89750fac9f,http://www.w3.org/2004/02/skos/core#narrowMatch
1310,0990,many-to-many correspondence,803ff45d-4df2-431e-b757-3139f8c53dc8,http://www.w3.org/2004/02/skos/core#relatedMatch
1320,0729,one-to-many correspondence,ec9faf45-412b-4ca9-b57e-7e40020d17f1,http://www.w3.org/2004/02/skos/core#narrowMatch
1320,0990,many-to-many correspondence,417aeb16-7e4e-41ae-a622-a6d882ecf44b,http://www.w3.org/2004/02/skos/core#relatedMatch
1410,0810,many-to-many correspondence,33117de8-0ce1-4209-b5de-d52709fdee51,http://www.w3.org/2004/02/skos/core#relatedMatch
1410,0990,many-to-many correspondence,9375059e-9455-4db2-8399-f4aeb65cca2e,http://www.w3.org/2004/02/skos/core#relatedMatch
1421,0891,one-to-many correspondence,80eec3fa-6685-45b9-b74e-355873dba50b,http://www.w3.org/2004/02/skos/core#narrowMatch
1421,0990,many-to-many correspondence,c7b8eee9-181e-455c-936b-f2028ce74dc0,http://www.w3.org/2004/02/skos/core#relatedMatch
1422,0893,one-to-many correspondence,6eca4fee-8cbb-4ec3-b416-6967b1bfd7eb,http://www.w3.org/2004/02/skos/core#narrowMatch
1422,0990,many-to-many correspondence,eadb3be9-5ce2-4ec1-a36c-4c4642c9901e,http://www.w3.org/2004/02/skos/core#relatedMatch
1429,0810,many-to-many correspondence,2aeb795a-bd2e-4738-89c6-d24d8e7db531,http://www.w3.org/2004/02/skos/core#relatedMatch
1429,0899,one-to-many correspondence,10c8fb18-c9c8-4011-8a59-036623423f0f,http://www.w3.org/2004/02/skos/core#narrowMatch
1429,0990,many-to-many correspondence,096f41ad-35ba-45ac-8c8c-137c30ca3a62,http://www.w3.org/2004/02/skos/core#relatedMatch
1511,1010,one-to-one correspondence,9dba4f57-1326-4958-a8bc-c218f2b6234a,http://www.w3.org/2004/02/skos/core#exactMatch
1512,1020,one-to-many correspondence,231ecb8f-dffa-4251-a55e-ad1edc02c16c,http://www.w3.org/2004/02/skos/core#narrowMatch
1512,1075,many-to-many correspondence,1b222a83-2fe0-442f-bc87-b39996a8e26c,http://www.w3.org/2004/02/skos/core#relatedMatch
1513,1030,many-to-many correspondence,7e88b530-f69d-4d13-83ab-60d8256175bb,http://www.w3.org/2004/02/skos/core#relatedMatch
1513,1075,many-to-many correspondence,1950855c-d2d6-4c32-a455-27fc761cc05b,http://www.w3.org/2004/02/skos/core#relatedMatch
1514,1040,one-to-one correspondence,4212e4bd-4539-4806-b5b2-0cc119c4a2a0,http://www.w3.org/2004/02/skos/core#exactMatch
1520,1050,one-to-one correspondence,88cf477e-13c1-4283-a314-a46275275534,http://www.w3.org/2004/02/skos/core#exactMatch
1531,1061,one-to-one correspondence,2335864c-0484-4e0f-8495-0e204da93852,http://www.w3.org/2004/02/skos/core#exactMatch
1532,1062,one-to-one correspondence,d9773866-b073-4fdc-ba3c-d73173331836,http://www.w3.org/2004/02/skos/core#exactMatch
1533,1080,one-to-one correspondence,0c194cb8-5357-409f-b38d-69f70e618f67,http://www.w3.org/2004/02/skos/core#exactMatch
1541,1071,many-to-one correspondence,3e982f80-78c6-4161-9c0c-eb10fd41126f,http://www.w3.org/2004/02/skos/core#broadMatch
1542,1072,one-to-one correspondence,6deb1c94-2f08-4a8a-a173-9d6acbf5216e,http://www.w3.org/2004/02/skos/core#exactMatch
1543,1073,one-to-one correspondence,50432923-3267-4ed6-9dc0-0cad475d6ebb,http://www.w3.org/2004/02/skos/core#exactMatch
1544,1074,one-to-many correspondence,8b31d09b-e708-409f-b25c-a46e6621098d,http://www.w3.org/2004/02/skos/core#narrowMatch
1544,1075,many-to-many correspondence,e828f2e3-051d-4b29-afda-2e9d07baf2bc,http://www.w3.org/2004/02/skos/core#relatedMatch
1549,1030,many-to-many correspondence,ff749be6-36f2-457f-8d88-3f0c01714c38,http://www.w3.org/2004/02/skos/core#relatedMatch
1549,1071,many-to-many correspondence,f81400ac-2f00-4589-8af3-256ffad5db61,http://www.w3.org/2004/02/skos/core#relatedMatch
1549,1075,many-to-many correspondence,e4635912-f993-4e89-ba00-58e52c600607,http://www.w3.org/2004/02/skos/core#relatedMatch
1549,1079,many-to-many correspondence,8f0aa852-f56a-4a7f-9c02-c6a56e00df49,http://www.w3.org/2004/02/skos/core#relatedMatch
1549,3530,many-to-many correspondence,68d927bd-e90f-4b8f-bc45-4c66ef5405fb,http://www.w3.org/2004/02/skos/core#relatedMatch
1551,1101,one-to-many correspondence,34fa76ee-91e8-4e3d-b337-08dccf898f2b,http://www.w3.org/2004/02/skos/core#narrowMatch
1551,2011,many-to-many correspondence,d9b6bebc-2094-42cc-8c46-abb337c2e088,http://www.w3.org/2004/02/skos/core#relatedMatch
1552,1102,many-to-one correspondence,0343cc40-56a0-43e5-9695-74b2cc374007,http://www.w3.org/2004/02/skos/core#broadMatch
1553,1103,one-to-one correspondence,01b11ad2-f1c3-4e7a-a9a8-4f98de9f8ba6,http://www.w3.org/2004/02/skos/core#exactMatch
1554,1104,one-to-one correspondence,ee2f0139-71b4-422d-9b9e-24d10de6aa77,http://www.w3.org/2004/02/skos/core#exactMatch
1600,1200,one-to-one correspondence,94d0ba2c-16f4-408c-9f3f-92d259101c24,http://www.w3.org/2004/02/skos/core#exactMatch
1711,1311,one-to-many correspondence,db00f7b8-e702-4952-a9e5-f9d50c3e1402,http://www.w3.org/2004/02/skos/core#narrowMatch
1711,1312,many-to-many correspondence,6b534896-8c2f-4654-94f1-f6ac86a228e9,http://www.w3.org/2004/02/skos/core#relatedMatch
1712,1313,many-to-one correspondence,dacd0935-eb41-4316-be09-ae07dacbe7e1,http://www.w3.org/2004/02/skos/core#broadMatch
1721,1392,many-to-many correspondence,c013115c-5025-4554-b2e9-2318d61aa0a7,http://www.w3.org/2004/02/skos/core#relatedMatch
1721,3250,many-to-many correspondence,21e538c0-22b1-4fa4-acc6-ca6039632864,http://www.w3.org/2004/02/skos/core#relatedMatch
1721,3319,many-to-many correspondence,c8ef0896-10c8-4433-beeb-77bf85e84891,http://www.w3.org/2004/02/skos/core#relatedMatch
1722,1393,one-to-one correspondence,390629b7-9409-4724-bf29-3279ce6f9a74,http://www.w3.org/2004/02/skos/core#exactMatch
1723,1394,one-to-many correspondence,37d7c62b-af24-4d4a-a40f-a572718ca8e7,http://www.w3.org/2004/02/skos/core#narrowMatch
1723,3319,many-to-many correspondence,ab40e07e-dbe2-4a9a-a017-1a80beaee682,http://www.w3.org/2004/02/skos/core#relatedMatch
1729,1313,many-to-many correspondence,c7f6a7c5-b576-4e61-85cb-9b19d9f97c18,http://www.w3.org/2004/02/skos/core#relatedMatch
1729,1399,many-to-many correspondence,e2cd98b2-c805-4ebb-95a9-1362492e76fe,http://www.w3.org/2004/02/skos/core#relatedMatch
1729,1709,many-to-many correspondence,604d0e6f-0c1a-4240-a184-348794fe61b1,http://www.w3.org/2004/02/skos/core#relatedMatch
1730,1391,one-to-many correspondence,f73f344e-baa7-4ffd-abc2-1998350496b6,http://www.w3.org/2004/02/skos/core#narrowMatch
1730,1430,one-to-many correspondence,c52e94df-3b44-4a41-87c0-8a9bdccfbbe0,http://www.w3.org/2004/02/skos/core#narrowMatch
1810,1313,many-to-many correspondence,52878049-aa98-4a4f-bf84-14024366abb3,http://www.w3.org/2004/02/skos/core#relatedMatch
1810,1410,one-to-many correspondence,83d36085-4779-40e2-8811-6f4f205ff195,http://www.w3.org/2004/02/skos/core#narrowMatch
1810,3290,many-to-many correspondence,ff22db74-794b-4183-a30d-67ff79d47e17,http://www.w3.org/2004/02/skos/core#relatedMatch
1820,1420,one-to-many correspondence,b139170f-1cb8-4fed-b600-90a2c48e6c24,http://www.w3.org/2004/02/skos/core#narrowMatch
1820,1511,many-to-many correspondence,94f7a75b-949c-4237-8a81-e9a146d8a16f,http://www.w3.org/2004/02/skos/core#relatedMatch
1911,1511,many-to-one correspondence,6a920e37-7be1-44ec-af4c-4ca3ddba55a9,http://www.w3.org/2004/02/skos/core#broadMatch
1912,1512,many-to-many correspondence,25eca683-405d-41dd-9dd1-d22b22bdd0ac,http://www.w3.org/2004/02/skos/core#relatedMatch
1912,3290,many-to-many correspondence,d8cc2ce1-b914-4781-9c8c-dfbc54b41469,http://www.w3.org/2004/02/skos/core#relatedMatch
1920,1512,many-to-many correspondence,601da575-3c0e-440f-a691-24f54d96f807,http://www.w3.org/2004/02/skos/core#relatedMatch
1920,1520,one-to-many correspondence,d5740161-14ea-4239-b5ac-b37d139ae500,http://www.w3.org/2004/02/skos/core#narrowMatch
1920,1629,many-to-many correspondence,b7b5c707-76d9-4d5a-9c83-27c4b70514ee,http://www.w3.org/2004/02/skos/core#relatedMatch
1920,2219,many-to-many correspondence,f81ef069-e918-4daf-8040-e90dbb9c5976,http://www.w3.org/2004/02/skos/core#relatedMatch
1920,2220,many-to-many correspondence,df75a891-446a-499d-be30-ddb7a5785099,http://www.w3.org/2004/02/skos/core#relatedMatch
1920,3230,many-to-many correspondence,4ab4c6e3-5dc9-408f-b6d5-50d67a909e73,http://www.w3.org/2004/02/skos/core#relatedMatch
2010,1610,one-to-one correspondence,99b6a0c7-cd20-4048-b86f-145acf5a46b8,http://www.w3.org/2004/02/skos/core#exactMatch
2021,1621,one-to-one correspondence,aa33a28a-04a8-431e-97ef-d54272ae0f41,http://www.w3.org/2004/02/skos/core#exactMatch
2022,1622,one-to-one correspondence,a95524e8-44ad-40d9-9e77-8b504f94f651,http://www.w3.org/2004/02/skos/core#exactMatch
2023,1623,one-to-many correspondence,48b4f186-3b2c-4a63-a289-d340d4140967,http://www.w3.org/2004/02/skos/core#narrowMatch
2023,3319,many-to-many correspondence,814bcb5b-30e4-43ee-af0e-84d7f7d0253a,http://www.w3.org/2004/02/skos/core#relatedMatch
2029,1629,many-to-many correspondence,b3b58f97-20e4-4fbf-886f-b86f62fb1560,http://www.w3.org/2004/02/skos/core#relatedMatch
2029,3290,many-to-many correspondence,ef5663f6-f6ec-44ed-9fe0-8a4320bd7cc3,http://www.w3.org/2004/02/skos/core#relatedMatch
2029,3319,many-to-many correspondence,bb4236f9-a82c-497b-8c63-c412942063f8,http://www.w3.org/2004/02/skos/core#relatedMatch
2101,1701,one-to-one correspondence,35cef416-fde0-4e74-a6ac-5e5b3b53ead1,http://www.w3.org/2004/02/skos/core#exactMatch
2102,1702,one-to-one correspondence,6c5656c4-5333-47b8-8bc4-d4070aa07769,http://www.w3.org/2004/02/skos/core#exactMatch
2109,1709,many-to-many correspondence,69e5a043-c4a9-4a8d-9676-7c960b0c1003,http://www.w3.org/2004/02/skos/core#relatedMatch
2109,1811,many-to-many correspondence,8490b361-a3fa-4ad5-a2f6-934bce37b24d,http://www.w3.org/2004/02/skos/core#relatedMatch
2109,2220,many-to-many correspondence,1a741d27-e829-4522-b5e2-3e42133bc3f7,http://www.w3.org/2004/02/skos/core#relatedMatch
2211,3290,many-to-many correspondence,3baa8c3c-8272-4708-a261-3e54f76ff56c,http://www.w3.org/2004/02/skos/core#relatedMatch
2211,5811,many-to-many correspondence,ead4b9a2-bcdf-4895-b6d2-ceded23545ee,http://www.w3.org/2004/02/skos/core#relatedMatch
2211,5812,many-to-many correspondence,bc3e139f-af78-40fa-98bd-fe8d81b840f0,http://www.w3.org/2004/02/skos/core#relatedMatch
2212,5813,many-to-one correspondence,7aee081e-1e2f-4a7f-a651-2cc58865d4fe,http://www.w3.org/2004/02/skos/core#broadMatch
2213,5920,many-to-one correspondence,829c408e-2fc9-4dd6-9e9f-2745d6242ab5,http://www.w3.org/2004/02/skos/core#broadMatch
2219,5813,many-to-many correspondence,0909336b-58f9-43bd-842d-08ff70daf644,http://www.w3.org/2004/02/skos/core#relatedMatch
2219,5819,many-to-many correspondence,ca29c475-14fa-47c9-8f4b-41b1d94adb6a,http://www.w3.org/2004/02/skos/core#relatedMatch
2221,1709,many-to-many correspondence,dc1a9479-4eda-479c-a141-ba6a726b0463,http://www.w3.org/2004/02/skos/core#relatedMatch
2221,1811,many-to-many correspondence,686e29d9-970c-4cf7-a8d0-42bc86c61eb7,http://www.w3.org/2004/02/skos/core#relatedMatch
2222,1812,one-to-one correspondence,64f61214-5270-4b6f-a6f4-359812feb76d,http://www.w3.org/2004/02/skos/core#exactMatch
2230,1820,one-to-one correspondence,8ff032d1-078b-47bb-92cf-1f67235747c6,http://www.w3.org/2004/02/skos/core#exactMatch
2310,1910,many-to-one correspondence,ddec6a53-02a3-42e3-8c7b-4e52ccbca904,http://www.w3.org/2004/02/skos/core#broadMatch
2320,1920,many-to-one correspondence,d551f60d-e5d3-46c2-a406-e17e3048ffba,http://www.w3.org/2004/02/skos/core#broadMatch
2330,2011,many-to-many correspondence,ee686272-9de3-4ba9-97e4-eb3ac5a29dd9,http://www.w3.org/2004/02/skos/core#relatedMatch
2330,2100,many-to-many correspondence,880878f4-74da-4b8b-998b-149a9fef2e6c,http://www.w3.org/2004/02/skos/core#relatedMatch
2330,2420,many-to-many correspondence,236b19c9-0778-43c3-ab71-e6aaf69ede67,http://www.w3.org/2004/02/skos/core#relatedMatch
2330,3812,many-to-many correspondence,59254203-516a-4fd3-bfd9-2dccbb7e2fe5,http://www.w3.org/2004/02/skos/core#relatedMatch
2330,3822,many-to-many correspondence,5d8fe150-87a6-4ab8-b2bd-d8c058e98f44,http://www.w3.org/2004/02/skos/core#relatedMatch
2411,1910,many-to-many correspondence,69a58c95-266a-48dd-bd0d-e8cd25b5a8d9,http://www.w3.org/2004/02/skos/core#relatedMatch
2411,2011,many-to-many correspondence,12d192e6-2787-4f7f-b671-97ac6fb954d3,http://www.w3.org/2004/02/skos/core#relatedMatch
2412,2012,one-to-many correspondence,e36db88e-9e6a-4546-bc53-544a0e0f4ae8,http://www.w3.org/2004/02/skos/core#narrowMatch
2412,3821,many-to-many correspondence,3ae73951-51ae-4376-9396-f628b00e69bf,http://www.w3.org/2004/02/skos/core#relatedMatch
2413,2013,one-to-one correspondence,bd59029f-9e33-4331-ae67-d65195939637,http://www.w3.org/2004/02/skos/core#exactMatch
2421,2021,one-to-one correspondence,3b1d92bd-9892-4e69-8b1a-e58b912e99cf,http://www.w3.org/2004/02/skos/core#exactMatch
2422,2022,one-to-one correspondence,b5a7ce91-8bc1-42d3-bf94-fa407cc6a03d,http://www.w3.org/2004/02/skos/core#exactMatch
2423,2100,many-to-many correspondence,e2ffddca-8984-487d-972e-b28e39fe205a,http://www.w3.org/2004/02/skos/core#relatedMatch
2423,3250,many-to-many correspondence,c604e2af-8135-4471-8f62-cdadbaf6ca14,http://www.w3.org/2004/02/skos/core#relatedMatch
2424,2023,one-to-one correspondence,f888086c-8db4-444f-9ce0-39d1807d88ad,http://www.w3.org/2004/02/skos/core#exactMatch
2429,1079,many-to-many correspondence,9ba240ab-8b0f-4f23-8102-0d88b77845c1,http://www.w3.org/2004/02/skos/core#relatedMatch
2429,2011,many-to-many correspondence,b7c934c7-0f0f-40b9-8f73-6ca260248c93,http://www.w3.org/2004/02/skos/core#relatedMatch
2429,2029,many-to-many correspondence,0109fecb-6030-4d5e-acfb-daed72ef7fe4,http://www.w3.org/2004/02/skos/core#relatedMatch
2429,2610,many-to-many correspondence,17e2fa83-c49e-4fb5-9672-d0ab710b489e,http://www.w3.org/2004/02/skos/core#relatedMatch
2429,2680,one-to-many correspondence,eae454a8-080a-43f2-9444-816db02fe268,http://www.w3.org/2004/02/skos/core#narrowMatch
2429,2817,many-to-many correspondence,acf46c56-24ed-4117-bb9c-2df25ca7ec52,http://www.w3.org/2004/02/skos/core#relatedMatch
2430,2030,one-to-one correspondence,d272a156-2100-4cbf-9a46-f7722fba1209,http://www.w3.org/2004/02/skos/core#exactMatch
2511,2211,one-to-one correspondence,7b6bca06-de80-4d2d-a02e-5ad1d9564598,http://www.w3.org/2004/02/skos/core#exactMatch
2519,2219,many-to-many correspondence,33ac865b-b6ef-4d10-a3a1-ce30e9c8c10c,http://www.w3.org/2004/02/skos/core#relatedMatch
2519,2220,many-to-many correspondence,7677eaa7-644d-47e2-bfac-44c02ac1e00c,http://www.w3.org/2004/02/skos/core#relatedMatch
2519,2812,many-to-many correspondence,82b06f0b-d8eb-4fc1-8ae7-0d47de89a9fd,http://www.w3.org/2004/02/skos/core#relatedMatch
2519,3290,many-to-many correspondence,9e59a477-2532-4f3d-8311-429b0c5d7ea7,http://www.w3.org/2004/02/skos/core#relatedMatch
2519,3319,many-to-many correspondence,f246902a-450b-4e6f-9367-7bca95b2c26c,http://www.w3.org/2004/02/skos/core#relatedMatch
2520,2220,many-to-many correspondence,38008fb9-bbe3-4800-b39c-ca6cb53a0a91,http://www.w3.org/2004/02/skos/core#relatedMatch
2520,2610,many-to-many correspondence,c107fb06-d73a-4340-87f6-6a43356be012,http://www.w3.org/2004/02/skos/core#relatedMatch
2520,2733,many-to-many correspondence,f3c42486-29dc-4320-ba1a-2b94a58adc18,http://www.w3.org/2004/02/skos/core#relatedMatch
2520,3290,many-to-many correspondence,419c6b7f-b0fc-4c52-8bd3-8028f363727f,http://www.w3.org/2004/02/skos/core#relatedMatch
2520,3314,many-to-many correspondence,56414fe1-63ff-4d94-81a8-a87e107042b2,http://www.w3.org/2004/02/skos/core#relatedMatch
2520,3319,many-to-many correspondence,c6a1aa23-cf34-4c31-9f3b-119b6ca0f37c,http://www.w3.org/2004/02/skos/core#relatedMatch
2610,2310,one-to-many correspondence,c979404a-d944-472a-a3fb-f50dd437a54a,http://www.w3.org/2004/02/skos/core#narrowMatch
2610,3319,many-to-many correspondence,dac5bea8-936d-4af5-9542-3f4152e1cec1,http://www.w3.org/2004/02/skos/core#relatedMatch
2691,2392,many-to-many correspondence,6fab07f6-a09f-47af-a872-54f79969ba6a,http://www.w3.org/2004/02/skos/core#relatedMatch
2691,2393,one-to-many correspondence,b9f45208-9f85-4db1-8c5a-628813c56512,http://www.w3.org/2004/02/skos/core#narrowMatch
2692,2391,one-to-one correspondence,891a138e-3c8c-4f5a-baac-62e59b877c3e,http://www.w3.org/2004/02/skos/core#exactMatch
2693,2392,many-to-one correspondence,d14b71e1-3965-4684-9c19-f7e73a952456,http://www.w3.org/2004/02/skos/core#broadMatch
2694,2394,one-to-one correspondence,bca1f0f3-2ccb-4311-8565-67e8d10b68e7,http://www.w3.org/2004/02/skos/core#exactMatch
2695,2395,one-to-one correspondence,fad756ad-c53d-446d-9c04-fa724b9bd167,http://www.w3.org/2004/02/skos/core#exactMatch
2696,2396,one-to-one correspondence,72fde663-b5b9-4a7b-82a3-1037a3451c7c,http://www.w3.org/2004/02/skos/core#exactMatch
2699,1312,many-to-many correspondence,0ae0fc0a-302b-4962-86d6-4a48b784b197,http://www.w3.org/2004/02/skos/core#relatedMatch
2699,2399,one-to-many correspondence,4cd7bc03-eb9e-4ac2-a43e-3df80c1e37f5,http://www.w3.org/2004/02/skos/core#narrowMatch
2699,3290,many-to-many correspondence,dc4508a6-5df6-4921-a08a-76150ebf3a4f,http://www.w3.org/2004/02/skos/core#relatedMatch
2699,3319,many-to-many correspondence,d1cbf77d-ccc5-4936-a4b9-ce47e3962906,http://www.w3.org/2004/02/skos/core#relatedMatch
2710,2410,one-to-many correspondence,0311336c-2a91-4b2e-adac-cd414ce43fdf,http://www.w3.org/2004/02/skos/core#narrowMatch
2710,2431,many-to-many correspondence,6a20f9a7-1234-4ba0-a478-0105eb3f945b,http://www.w3.org/2004/02/skos/core#relatedMatch
2720,2420,many-to-one correspondence,35d28752-1e42-4d3a-b556-d88ff9e7842c,http://www.w3.org/2004/02/skos/core#broadMatch
2731,2431,many-to-one correspondence,7db1ccde-b7e5-4655-8e34-fcecdd81fde1,http://www.w3.org/2004/02/skos/core#broadMatch
2732,2432,one-to-one correspondence,9050e131-ee00-4bf1-8600-9d2e080b7a18,http://www.w3.org/2004/02/skos/core#exactMatch
2811,2511,one-to-many correspondence,ba1a1a38-500a-44b6-a7d1-d66ff69463a6,http://www.w3.org/2004/02/skos/core#narrowMatch
2811,3311,many-to-many correspondence,311b29e7-1d73-4f75-b325-3e1ab784def1,http://www.w3.org/2004/02/skos/core#relatedMatch
2812,2512,one-to-many correspondence,0c3a02ea-a0dc-48ea-8e42-ad980f57e46d,http://www.w3.org/2004/02/skos/core#narrowMatch
2812,3311,many-to-many correspondence,edb3dda6-9eb9-4e70-a5a1-d268c89ac8e1,http://www.w3.org/2004/02/skos/core#relatedMatch
2813,2513,one-to-many correspondence,f141da7c-08d5-41be-9249-ccc33f905a3c,http://www.w3.org/2004/02/skos/core#narrowMatch
2813,3311,many-to-many correspondence,84da1db9-7d21-406d-80f3-6e9a81a7a1dd,http://www.w3.org/2004/02/skos/core#relatedMatch
2813,3320,many-to-many correspondence,d13e1032-97d8-4763-991e-85f9fd3e6d28,http://www.w3.org/2004/02/skos/core#relatedMatch
2891,2591,one-to-one correspondence,de2e8391-97ab-46f3-8b83-7e4a5576f646,http://www.w3.org/2004/02/skos/core#exactMatch
2892,0162,many-to-many correspondence,5facf5d0-47fd-449a-ab31-75e397dace9f,http://www.w3.org/2004/02/skos/core#relatedMatch
2892,1811,many-to-many correspondence,ea331bf6-32e1-40d7-a002-2907cbf74f61,http://www.w3.org/2004/02/skos/core#relatedMatch
2892,2592,one-to-many correspondence,62ca419b-8aeb-449b-a048-45dc54367195,http://www.w3.org/2004/02/skos/core#narrowMatch
2892,3311,many-to-many correspondence,f62fe205-a647-454b-9d95-49d4f9f454e7,http://www.w3.org/2004/02/skos/core#relatedMatch
2893,2593,many-to-many correspondence,64adb05e-4cc2-4486-990a-d1e9c0c904fa,http://www.w3.org/2004/02/skos/core#relatedMatch
2893,3311,many-to-many correspondence,7481f7d2-85b2-4485-9499-8be231e4c721,http://www.w3.org/2004/02/skos/core#relatedMatch
2899,2599,many-to-many correspondence,5b71c79b-6591-495c-8213-b3cb9ab1fd63,http://www.w3.org/2004/02/skos/core#relatedMatch
2899,2817,many-to-many correspondence,2ff4db63-d4ea-4f63-a5ec-5c6d3bfdb5e7,http://www.w3.org/2004/02/skos/core#relatedMatch
2899,3290,many-to-many correspondence,12c6e600-17e7-4792-86d6-01365b66c402,http://www.w3.org/2004/02/skos/core#relatedMatch
2899,3311,many-to-many correspondence,4d3247d5-2cfa-45fd-891c-93115e468194,http://www.w3.org/2004/02/skos/core#relatedMatch
2911,2811,many-to-many correspondence,275073ad-085a-4fba-8f0a-e48effe166a6,http://www.w3.org/2004/02/skos/core#relatedMatch
2911,3312,many-to-many correspondence,9032dbe6-0804-4c48-b89b-b130af3fc155,http://www.w3.org/2004/02/skos/core#relatedMatch
2911,3320,many-to-many correspondence,28e5d7b3-24ff-44e0-9b4a-b77a09752abc,http://www.w3.org/2004/02/skos/core#relatedMatch
2912,2811,many-to-many correspondence,6aac6039-1824-49af-a9f6-562201b685de,http://www.w3.org/2004/02/skos/core#relatedMatch
2912,2812,many-to-many correspondence,3c322ff4-a9a8-410a-b08b-9400474dd84e,http://www.w3.org/2004/02/skos/core#relatedMatch
2912,2813,one-to-many correspondence,8f8e1c73-0b90-4708-89bd-0562b81c9d73,http://www.w3.org/2004/02/skos/core#narrowMatch
2912,3312,many-to-many correspondence,3eae32ee-4240-46a9-ab7d-90957aa0d87a,http://www.w3.org/2004/02/skos/core#relatedMatch
2912,3320,many-to-many correspondence,d4b97aec-bf4f-4dbf-a850-14e861522f3c,http://www.w3.org/2004/02/skos/core#relatedMatch
2913,2812,many-to-many correspondence,3539a251-480c-4a5c-b316-5cc22fea01fb,http://www.w3.org/2004/02/skos/core#relatedMatch
2913,2814,one-to-many correspondence,1043c351-925f-409d-98c2-c70f88e6c864,http://www.w3.org/2004/02/skos/core#narrowMatch
2913,3312,many-to-many correspondence,6deaf7db-796f-4d87-9a52-35086cc3577f,http://www.w3.org/2004/02/skos/core#relatedMatch
2914,2815,many-to-many correspondence,80d2a5c8-cd31-469a-a2b2-4c7e89029e64,http://www.w3.org/2004/02/skos/core#relatedMatch
2914,3312,many-to-many correspondence,de1532ba-266e-4d4d-b398-cf608d940053,http://www.w3.org/2004/02/skos/core#relatedMatch
2914,3320,many-to-many correspondence,397418c7-ce00-4c1f-9273-f763176691e7,http://www.w3.org/2004/02/skos/core#relatedMatch
2915,2816,many-to-many correspondence,7ceae982-3eb7-48ca-8f27-83e586c1effb,http://www.w3.org/2004/02/skos/core#relatedMatch
2915,3312,many-to-many correspondence,06c01461-3804-4245-a5d5-522cd627ffc2,http://www.w3.org/2004/02/skos/core#relatedMatch
2915,3320,many-to-many correspondence,ad8fe090-87b1-400a-a1af-1ffc7af90a92,http://www.w3.org/2004/02/skos/core#relatedMatch
2919,2819,many-to-many correspondence,3c5e0174-9178-402d-93e3-3b3b67b92c0b,http://www.w3.org/2004/02/skos/core#relatedMatch
2919,3250,many-to-many correspondence,7f60a3b7-e9f1-4c3c-ad4e-eb29f40dbffa,http://www.w3.org/2004/02/skos/core#relatedMatch
2919,3312,many-to-many correspondence,c6946dd5-8616-4c31-a55c-99cc3a30267e,http://www.w3.org/2004/02/skos/core#relatedMatch
2919,3320,many-to-many correspondence,11e9aabc-f2ca-4880-9e7a-dadcbee04cc8,http://www.w3.org/2004/02/skos/core#relatedMatch
2921,2821,one-to-many correspondence,5dd3e38f-8ccc-4a6d-a244-3396888513c4,http://www.w3.org/2004/02/skos/core#narrowMatch
2921,3312,many-to-many correspondence,2d9f6465-d164-4360-a04d-807897f16da1,http://www.w3.org/2004/02/skos/core#relatedMatch
2921,3320,many-to-many correspondence,cdc7e500-7bec-4d99-9df8-25eca4584af6,http://www.w3.org/2004/02/skos/core#relatedMatch
2922,2790,many-to-many correspondence,8d21c9d9-11c2-40b9-8d34-b0cd91456bca,http://www.w3.org/2004/02/skos/core#relatedMatch
2922,2818,one-to-many correspondence,06443b49-7c74-4e3d-8b2c-ac948e27a463,http://www.w3.org/2004/02/skos/core#narrowMatch
2922,2819,many-to-many correspondence,b6a7423f-ba22-4e8b-a203-c2273eed2fae,http://www.w3.org/2004/02/skos/core#relatedMatch
2922,2822,many-to-many correspondence,9409712a-3590-465e-8acc-cbadf98c3808,http://www.w3.org/2004/02/skos/core#relatedMatch
2922,3312,many-to-many correspondence,58c0ee7f-8567-4a47-a56d-7dd901c1b023,http://www.w3.org/2004/02/skos/core#relatedMatch
2922,3314,many-to-many correspondence,e85de2f2-0113-4331-be59-5829b2ce60dd,http://www.w3.org/2004/02/skos/core#relatedMatch
2922,3320,many-to-many correspondence,1f3ef035-b438-4e3f-a8ce-4e8dc57b6d5d,http://www.w3.org/2004/02/skos/core#relatedMatch
2923,2823,one-to-many correspondence,dde57202-32eb-4935-934b-9e9d66041e68,http://www.w3.org/2004/02/skos/core#narrowMatch
2923,3312,many-to-many correspondence,c7e1f8c2-099d-48ec-b537-9e5c289fad8b,http://www.w3.org/2004/02/skos/core#relatedMatch
2923,3320,many-to-many correspondence,43783e7e-9888-46f1-8325-a29d3d18a662,http://www.w3.org/2004/02/skos/core#relatedMatch
2924,2824,one-to-many correspondence,cc7c7c54-5f06-40cc-b518-3a44adb463bb,http://www.w3.org/2004/02/skos/core#narrowMatch
2924,3312,many-to-many correspondence,0e8e8059-5648-4344-bb17-2bbef21eacec,http://www.w3.org/2004/02/skos/core#relatedMatch
2924,3320,many-to-many correspondence,6046dfbf-cb41-4571-909a-00f77cb0cb5c,http://www.w3.org/2004/02/skos/core#relatedMatch
2925,2825,one-to-many correspondence,91291abc-051c-450e-954d-7191d83ebe1e,http://www.w3.org/2004/02/skos/core#narrowMatch
2925,3312,many-to-many correspondence,e4a75ff8-4bae-415e-8b52-3bf9f886fbaf,http://www.w3.org/2004/02/skos/core#relatedMatch
2925,3320,many-to-many correspondence,79e9f603-37f1-413d-a561-cf920bac98a5,http://www.w3.org/2004/02/skos/core#relatedMatch
2926,2826,many-to-many correspondence,5e612657-622d-4abc-bb05-8eea15c5cc8f,http://www.w3.org/2004/02/skos/core#relatedMatch
2926,3312,many-to-many correspondence,d815950b-bcbb-44fd-ad46-a17ee0f51198,http://www.w3.org/2004/02/skos/core#relatedMatch
2926,3320,many-to-many correspondence,a4b8c106-d587-4d8b-abf1-e98909166a67,http://www.w3.org/2004/02/skos/core#relatedMatch
2927,2520,one-to-many correspondence,1418d2e7-12e6-40e5-88af-204b66cdde15,http://www.w3.org/2004/02/skos/core#narrowMatch
2927,3030,many-to-many correspondence,3b267551-23b5-4c27-88d5-ef93941d9b40,http://www.w3.org/2004/02/skos/core#relatedMatch
2927,3040,one-to-many correspondence,c17a4902-b90c-4d1b-8d36-f307c9b49a51,http://www.w3.org/2004/02/skos/core#narrowMatch
2927,3311,many-to-many correspondence,324e34dd-c0ac-46ab-a911-82a7b2189b7e,http://www.w3.org/2004/02/skos/core#relatedMatch
2929,2593,many-to-many correspondence,317a9363-c9bc-413e-a1e0-d2ebc52258cb,http://www.w3.org/2004/02/skos/core#relatedMatch
2929,2790,many-to-many correspondence,c09ac2f1-1a39-47b3-afca-4cf811dff0e9,http://www.w3.org/2004/02/skos/core#relatedMatch
2929,2826,many-to-many correspondence,06c92e8d-58e5-4351-8a07-a10e5a290529,http://www.w3.org/2004/02/skos/core#relatedMatch
2929,2829,many-to-many correspondence,a2f8bcda-1a9e-4966-932e-670fc7b5a418,http://www.w3.org/2004/02/skos/core#relatedMatch
2929,3311,many-to-many correspondence,4da097dd-e315-477d-9e34-74dd95e4b93b,http://www.w3.org/2004/02/skos/core#relatedMatch
2929,3312,many-to-many correspondence,a2ac4011-72fc-4ffd-a436-7acaa3928a99,http://www.w3.org/2004/02/skos/core#relatedMatch
2929,3314,many-to-many correspondence,13a09162-334b-4ae1-bc99-7ad659352ac8,http://www.w3.org/2004/02/skos/core#relatedMatch
2929,3320,many-to-many correspondence,25d2c9da-c14a-4fb2-a618-7816414763e1,http://www.w3.org/2004/02/skos/core#relatedMatch
2930,2750,one-to-many correspondence,43724ff3-9c1d-4b2d-b018-109621c4a723,http://www.w3.org/2004/02/skos/core#narrowMatch
2930,2815,many-to-many correspondence,67ec0e3e-6f10-45d4-8b64-2bf8bd55c9b4,http://www.w3.org/2004/02/skos/core#relatedMatch
2930,2819,many-to-many correspondence,e51e830c-45ad-433e-8fac-b9f3b45f3ddb,http://www.w3.org/2004/02/skos/core#relatedMatch
3000,2610,many-to-many correspondence,9941ead6-1aa7-4c73-a19b-c250bcb406e7,http://www.w3.org/2004/02/skos/core#relatedMatch
3000,2620,one-to-many correspondence,356c5b79-ef17-48ee-9296-f2781a0b523c,http://www.w3.org/2004/02/skos/core#narrowMatch
3000,2817,many-to-many correspondence,cb29f29b-d8d6-4929-9fa3-cd36f5601335,http://www.w3.org/2004/02/skos/core#relatedMatch
3000,3320,many-to-many correspondence,260f1b95-2bbb-40a0-8a44-dfa3a5376041,http://www.w3.org/2004/02/skos/core#relatedMatch
3110,2610,many-to-many correspondence,88bf9ed9-f4d9-410d-b552-61790d0b662d,http://www.w3.org/2004/02/skos/core#relatedMatch
3110,2710,many-to-many correspondence,ddec891c-ec9d-4c22-aa0e-23373692af96,http://www.w3.org/2004/02/skos/core#relatedMatch
3110,2790,many-to-many correspondence,ceb99026-9196-4bf7-b185-25876b9d0484,http://www.w3.org/2004/02/skos/core#relatedMatch
3110,2811,many-to-many correspondence,45097fed-7a20-46b2-99f7-7480efef564f,http://www.w3.org/2004/02/skos/core#relatedMatch
3110,3312,many-to-many correspondence,e6dce0c3-f2bc-4c70-8082-590d461465f8,http://www.w3.org/2004/02/skos/core#relatedMatch
3110,3314,many-to-many correspondence,8b323256-f639-4620-955e-86cd68c1a1ee,http://www.w3.org/2004/02/skos/core#relatedMatch
3110,3320,many-to-many correspondence,664504c8-595d-4fc4-a091-f1e25c0acd37,http://www.w3.org/2004/02/skos/core#relatedMatch
3120,2610,many-to-many correspondence,f3049454-9cdb-48e3-a24a-fe3d4c78ea0d,http://www.w3.org/2004/02/skos/core#relatedMatch
3120,2710,many-to-many correspondence,5fc0e1bd-7d93-4c3f-8f52-bd3905f1d3e1,http://www.w3.org/2004/02/skos/core#relatedMatch
3120,2733,many-to-many correspondence,be33837d-25e2-4519-b286-6b6632e1762c,http://www.w3.org/2004/02/skos/core#relatedMatch
3120,2790,many-to-many correspondence,9fbc48c1-3349-4828-9fee-67759a8036d7,http://www.w3.org/2004/02/skos/core#relatedMatch
3120,3314,many-to-many correspondence,af9c20b8-c635-4589-8303-b999b7bd4365,http://www.w3.org/2004/02/skos/core#relatedMatch
3130,2610,many-to-many correspondence,f0e0d7e6-a14a-43d1-a6b2-b43439394607,http://www.w3.org/2004/02/skos/core#relatedMatch
3130,2731,many-to-many correspondence,ee912c85-0671-4bde-80cf-1c736f8965c6,http://www.w3.org/2004/02/skos/core#relatedMatch
3130,2732,one-to-many correspondence,444c0b30-5bec-4c47-b91a-d3f7dff2fdc3,http://www.w3.org/2004/02/skos/core#narrowMatch
3130,2790,many-to-many correspondence,458c45c2-3d8a-4939-beee-39fa0a8c7afa,http://www.w3.org/2004/02/skos/core#relatedMatch
3130,3314,many-to-many correspondence,13294f37-2189-47c2-b75a-1cddd0ade4c2,http://www.w3.org/2004/02/skos/core#relatedMatch
3140,2720,one-to-many correspondence,4e079f1e-3b11-423c-bc79-037c6fe9dc90,http://www.w3.org/2004/02/skos/core#narrowMatch
3140,3314,many-to-many correspondence,177c7fba-1de2-4fa2-80f9-1e5a16b47a17,http://www.w3.org/2004/02/skos/core#relatedMatch
3150,2740,many-to-many correspondence,3b6f791f-d1c9-4263-8c9d-04d325b8662e,http://www.w3.org/2004/02/skos/core#relatedMatch
3150,2790,many-to-many correspondence,90f93fde-4887-4003-93ef-ab1dff527cf8,http://www.w3.org/2004/02/skos/core#relatedMatch
3150,3314,many-to-many correspondence,3d05404c-b610-492b-9b96-679ea6cfcbc8,http://www.w3.org/2004/02/skos/core#relatedMatch
3190,2599,many-to-many correspondence,a935aecb-cc1e-439c-b374-64023c466535,http://www.w3.org/2004/02/skos/core#relatedMatch
3190,2630,many-to-many correspondence,423893e3-a611-4427-944c-31e41edeb258,http://www.w3.org/2004/02/skos/core#relatedMatch
3190,2651,many-to-many correspondence,2afa9b57-1243-4894-b94c-05ddafd4e0d5,http://www.w3.org/2004/02/skos/core#relatedMatch
3190,2733,many-to-many correspondence,5ff77f8d-6ba4-417b-a25a-b73a6de32ce1,http://www.w3.org/2004/02/skos/core#relatedMatch
3190,2740,many-to-many correspondence,8bcd28fb-fbcf-4633-b28c-d5068251b47f,http://www.w3.org/2004/02/skos/core#relatedMatch
3190,2790,many-to-many correspondence,1a471cba-b796-4333-ab51-c46a15f4b284,http://www.w3.org/2004/02/skos/core#relatedMatch
3190,2822,many-to-many correspondence,2784f058-5c8e-41e9-a62c-20f93e64023f,http://www.w3.org/2004/02/skos/core#relatedMatch
3190,2930,many-to-many correspondence,2f011702-a154-49f6-9f61-41204fabd4d1,http://www.w3.org/2004/02/skos/core#relatedMatch
3190,3020,many-to-many correspondence,54c1ff7c-2b09-44cc-9f70-0fdd007f82ec,http://www.w3.org/2004/02/skos/core#relatedMatch
3190,3313,many-to-many correspondence,d371e37d-2d61-4974-aaa3-890a3117a518,http://www.w3.org/2004/02/skos/core#relatedMatch
3190,3314,many-to-many correspondence,dc75698c-8db5-4f6d-951f-ef51c8e7e42b,http://www.w3.org/2004/02/skos/core#relatedMatch
3210,2610,many-to-many correspondence,f87477f0-9b40-4164-a8ee-c9353768ba7a,http://www.w3.org/2004/02/skos/core#relatedMatch
3210,2790,many-to-many correspondence,e1f2438a-1b25-4869-bfb2-64f2dea7f54d,http://www.w3.org/2004/02/skos/core#relatedMatch
3210,3314,many-to-many correspondence,27fac9b8-c765-438d-9c2c-d3ac98f02116,http://www.w3.org/2004/02/skos/core#relatedMatch
3220,2630,many-to-many correspondence,87d8882f-820e-4eba-be81-d608086e755a,http://www.w3.org/2004/02/skos/core#relatedMatch
3220,2651,many-to-many correspondence,22527336-a452-49f9-bec3-955188c64d08,http://www.w3.org/2004/02/skos/core#relatedMatch
3220,3313,many-to-many correspondence,4872a204-9c79-47bb-8ec4-87518c659847,http://www.w3.org/2004/02/skos/core#relatedMatch
3220,3320,many-to-many correspondence,d6bf61c5-3d6a-41f9-90fb-75f90b813e20,http://www.w3.org/2004/02/skos/core#relatedMatch
3220,9512,many-to-many correspondence,a354cea1-3723-409f-8fe8-99b6e693b96f,http://www.w3.org/2004/02/skos/core#relatedMatch
3230,2610,many-to-many correspondence,5ed46cf4-2e11-4a03-8efe-07168eb8559a,http://www.w3.org/2004/02/skos/core#relatedMatch
3230,2630,many-to-many correspondence,128bb4ab-2dac-4f1e-93ef-b6516688effe,http://www.w3.org/2004/02/skos/core#relatedMatch
3230,2640,many-to-many correspondence,c5b1a32a-7a80-41d4-9813-7b6481a0b35b,http://www.w3.org/2004/02/skos/core#relatedMatch
3230,2670,many-to-many correspondence,fd668941-76a9-4cd0-b0f1-18f5e2931fe9,http://www.w3.org/2004/02/skos/core#relatedMatch
3230,2817,many-to-many correspondence,1aa90be6-72e4-4beb-9441-0035473adf05,http://www.w3.org/2004/02/skos/core#relatedMatch
3230,3312,many-to-many correspondence,5e2c9ba7-881a-4a5b-ac03-f188598f01aa,http://www.w3.org/2004/02/skos/core#relatedMatch
3230,3313,many-to-many correspondence,f57f8336-393c-430e-9a8f-8a1b0ece25c0,http://www.w3.org/2004/02/skos/core#relatedMatch
3230,9521,many-to-many correspondence,84e8277a-c633-4d2f-983d-e705086abe2d,http://www.w3.org/2004/02/skos/core#relatedMatch
3311,2660,one-to-many correspondence,065de397-6a90-4adb-9b09-fff5b3650628,http://www.w3.org/2004/02/skos/core#narrowMatch
3311,3250,many-to-many correspondence,d1d8e674-fe7e-477f-8687-ff28a9cb87b9,http://www.w3.org/2004/02/skos/core#relatedMatch
3311,3290,many-to-many correspondence,94d1683c-2a40-4a67-9bef-f5a1579aabe3,http://www.w3.org/2004/02/skos/core#relatedMatch
3311,3313,many-to-many correspondence,6b1d1b5d-97c7-489e-a2db-ff486fc78ed0,http://www.w3.org/2004/02/skos/core#relatedMatch
3311,3319,many-to-many correspondence,8605b197-e2ab-4699-8b11-d7acbba8c3ff,http://www.w3.org/2004/02/skos/core#relatedMatch
3311,3320,many-to-many correspondence,e2cbc2cf-4333-40d8-b946-a538be4ebf7e,http://www.w3.org/2004/02/skos/core#relatedMatch
3312,2651,many-to-many correspondence,c3ff8a47-2851-461c-9249-e8c2f219c4bd,http://www.w3.org/2004/02/skos/core#relatedMatch
3312,2670,many-to-many correspondence,c9cefcfb-740b-4fe0-9078-473dc246ed4b,http://www.w3.org/2004/02/skos/core#relatedMatch
3312,2819,many-to-many correspondence,7e2a97fb-b69e-4b7e-a7bb-0a162bc3bcd1,http://www.w3.org/2004/02/skos/core#relatedMatch
3312,2829,many-to-many correspondence,a718a009-db4d-4751-853d-d7e3ef759143,http://www.w3.org/2004/02/skos/core#relatedMatch
3312,3250,many-to-many correspondence,3840f6dc-cfb6-4b94-922c-e55878a05a12,http://www.w3.org/2004/02/skos/core#relatedMatch
3312,3313,many-to-many correspondence,a7676dd3-c4b5-48e6-bb58-bb2ebb848cca,http://www.w3.org/2004/02/skos/core#relatedMatch
3312,3319,many-to-many correspondence,91c5cf82-216d-4bde-b09d-9cf7b22f03e3,http://www.w3.org/2004/02/skos/core#relatedMatch
3313,2651,many-to-many correspondence,e1948c43-78b1-4526-8cb5-2be799b55e61,http://www.w3.org/2004/02/skos/core#relatedMatch
3313,3313,many-to-many correspondence,fe77d194-a0fe-45da-ad4d-085847a9efcb,http://www.w3.org/2004/02/skos/core#relatedMatch
3313,3320,many-to-many correspondence,f485e51a-fb3d-4927-9b1b-910eb0e01cbd,http://www.w3.org/2004/02/skos/core#relatedMatch
3320,2670,many-to-many correspondence,d26357f2-151e-4c69-8b35-4a90646ccfcb,http://www.w3.org/2004/02/skos/core#relatedMatch
3320,2731,many-to-many correspondence,3316e5e5-db46-4380-a3eb-6a34a9711f70,http://www.w3.org/2004/02/skos/core#relatedMatch
3320,2829,many-to-many correspondence,baa5e13c-5311-49ec-9be0-389ebc88340e,http://www.w3.org/2004/02/skos/core#relatedMatch
3320,3250,many-to-many correspondence,7697794f-66dd-4715-ac4d-84bcc592f771,http://www.w3.org/2004/02/skos/core#relatedMatch
3320,3313,many-to-many correspondence,dcce17ca-4d6d-46b6-9302-7461878206c1,http://www.w3.org/2004/02/skos/core#relatedMatch
3330,2652,one-to-many correspondence,5be5302e-1a4c-412b-a020-00dddba47e9a,http://www.w3.org/2004/02/skos/core#narrowMatch
3330,3211,many-to-many correspondence,af74cb13-15d1-4ed1-a437-c571480e821f,http://www.w3.org/2004/02/skos/core#relatedMatch
3330,3212,many-to-many correspondence,590daa34-30f3-4507-b357-3c55ce1d588c,http://www.w3.org/2004/02/skos/core#relatedMatch
3330,3319,many-to-many correspondence,85899eb9-7e94-471c-b5f4-1d3a4371ffc0,http://www.w3.org/2004/02/skos/core#relatedMatch
3410,2910,one-to-one correspondence,ce9a7f7c-7910-44ff-a0e8-64ee5e5b32f9,http://www.w3.org/2004/02/skos/core#exactMatch
3420,2920,one-to-many correspondence,dfd780bd-e592-46b2-bb0c-0f960e89ca55,http://www.w3.org/2004/02/skos/core#narrowMatch
3420,3311,many-to-many correspondence,2f5e78cf-0891-4e97-9db8-4e2b0673c7bb,http://www.w3.org/2004/02/skos/core#relatedMatch
3430,1392,many-to-many correspondence,46f649c5-615c-4948-80ed-39f718b7bb3d,http://www.w3.org/2004/02/skos/core#relatedMatch
3430,2811,many-to-many correspondence,0ab62642-5b78-4a1d-9ae3-a5abd632c6a7,http://www.w3.org/2004/02/skos/core#relatedMatch
3430,2930,many-to-many correspondence,21a4b607-0a42-4223-9fb2-d04ede3a79c5,http://www.w3.org/2004/02/skos/core#relatedMatch
3511,3011,many-to-many correspondence,3fd289fe-e488-4414-8ca6-1237b54a30b6,http://www.w3.org/2004/02/skos/core#relatedMatch
3511,3315,many-to-many correspondence,3b829487-311b-4693-8ad8-6085d38be7fd,http://www.w3.org/2004/02/skos/core#relatedMatch
3512,3012,one-to-many correspondence,12c3fac0-488b-4d3d-9fcc-776baa5101ae,http://www.w3.org/2004/02/skos/core#narrowMatch
3512,3315,many-to-many correspondence,bedbddf1-cd73-4c7f-876e-95c77e9b6a6b,http://www.w3.org/2004/02/skos/core#relatedMatch
3520,3020,many-to-many correspondence,bfe24ca8-e7d8-469b-9a0c-87656e70ebb0,http://www.w3.org/2004/02/skos/core#relatedMatch
3520,3315,many-to-many correspondence,645162eb-994e-4da7-b955-8524b587a284,http://www.w3.org/2004/02/skos/core#relatedMatch
3530,2811,many-to-many correspondence,f6ac91aa-ac27-455a-ae89-febf64bfad88,http://www.w3.org/2004/02/skos/core#relatedMatch
3530,2829,many-to-many correspondence,215c93be-ebbc-439d-b4e6-3cac8724163b,http://www.w3.org/2004/02/skos/core#relatedMatch
3530,3030,many-to-many correspondence,08c68659-0293-4cf5-8505-902a882ee5c1,http://www.w3.org/2004/02/skos/core#relatedMatch
3530,3315,many-to-many correspondence,a076ac68-54bf-4e63-afbd-e67eeefaafcd,http://www.w3.org/2004/02/skos/core#relatedMatch
3591,2811,many-to-many correspondence,fbad1024-8231-42e8-9cbb-6eccb6121f48,http://www.w3.org/2004/02/skos/core#relatedMatch
3591,3091,one-to-many correspondence,8c41f86c-8045-4cde-a201-d120571c04bf,http://www.w3.org/2004/02/skos/core#narrowMatch
3592,3092,many-to-one correspondence,d41bec76-b61b-4f07-91ef-ae69a541aa55,http://www.w3.org/2004/02/skos/core#broadMatch
3599,2816,many-to-many correspondence,5aa8c3a2-2d1f-4dba-ac46-124ddd942afe,http://www.w3.org/2004/02/skos/core#relatedMatch
3599,3099,one-to-many correspondence,2da6096f-972e-456b-9180-560fe8fcc8b7,http://www.w3.org/2004/02/skos/core#narrowMatch
3599,3100,many-to-many correspondence,f94bcf16-147e-4a89-9146-c99495a80dc9,http://www.w3.org/2004/02/skos/core#relatedMatch
3599,3312,many-to-many correspondence,5f7b0ec8-5771-4058-973e-9c023ea9b347,http://www.w3.org/2004/02/skos/core#relatedMatch
3599,3315,many-to-many correspondence,d7f35e4a-225c-457c-8d23-8b00b5c12d3d,http://www.w3.org/2004/02/skos/core#relatedMatch
3610,2219,many-to-many correspondence,b4eabcf3-bb08-4f8e-b2ca-c23664b5520c,http://www.w3.org/2004/02/skos/core#relatedMatch
3610,2220,many-to-many correspondence,cfe98f75-656e-4eb7-9cc0-34a21efe8238,http://www.w3.org/2004/02/skos/core#relatedMatch
3610,2817,many-to-many correspondence,7cfc4d5c-7e9c-43b0-aa22-a55e8b4e64ab,http://www.w3.org/2004/02/skos/core#relatedMatch
3610,2930,many-to-many correspondence,072bdadf-2749-4ad2-8089-5d2cc67b3556,http://www.w3.org/2004/02/skos/core#relatedMatch
3610,3011,many-to-many correspondence,8283ec9f-f500-447a-9bfb-3223276ef8fb,http://www.w3.org/2004/02/skos/core#relatedMatch
3610,3020,many-to-many correspondence,e1bdb78b-f2e2-4c13-abe0-aabab9afcb78,http://www.w3.org/2004/02/skos/core#relatedMatch
3610,3030,many-to-many correspondence,36b20cc8-4512-43f7-8f32-abfe9c99176a,http://www.w3.org/2004/02/skos/core#relatedMatch
3610,3100,many-to-many correspondence,ecabdcd3-c682-4512-84b1-0989a3c25e35,http://www.w3.org/2004/02/skos/core#relatedMatch
3610,9524,many-to-many correspondence,e58b1942-1919-4e3e-bc15-c7d0f3610c17,http://www.w3.org/2004/02/skos/core#relatedMatch
3691,3211,many-to-one correspondence,b70f3dc6-592c-4d04-9765-dbb876cde16b,http://www.w3.org/2004/02/skos/core#broadMatch
3692,3220,one-to-many correspondence,7764df9d-a9a5-4f9a-b5ae-0c8de286b5af,http://www.w3.org/2004/02/skos/core#narrowMatch
3692,3319,many-to-many correspondence,6ca64e7d-f111-4369-a3df-ae85d95ddb30,http://www.w3.org/2004/02/skos/core#relatedMatch
3693,3230,many-to-many correspondence,3f01cefe-5306-4442-a784-38a26f8835b0,http://www.w3.org/2004/02/skos/core#relatedMatch
3693,3290,many-to-many correspondence,1cf632da-f57d-4ed5-b5a6-38d94d53034d,http://www.w3.org/2004/02/skos/core#relatedMatch
3694,2640,many-to-many correspondence,c1a256d8-90f6-429d-a09f-a2a9e63bf9c8,http://www.w3.org/2004/02/skos/core#relatedMatch
3694,2829,many-to-many correspondence,9cbe803c-9cbd-4cc6-bbdd-b9b855248ca2,http://www.w3.org/2004/02/skos/core#relatedMatch
3694,3240,one-to-many correspondence,fe29c502-62b8-4c28-8ca4-be6420ba56d9,http://www.w3.org/2004/02/skos/core#narrowMatch
3694,3312,many-to-many correspondence,1a3ab3a6-ea1d-4a5c-97b4-5f0f5ffa0e53,http://www.w3.org/2004/02/skos/core#relatedMatch
3694,3319,many-to-many correspondence,8f5c9f00-8af3-42f6-b541-40770f454738,http://www.w3.org/2004/02/skos/core#relatedMatch
3699,1399,many-to-many correspondence,febb5a9b-8c40-4ce5-924a-32b661502f6b,http://www.w3.org/2004/02/skos/core#relatedMatch
3699,1512,many-to-many correspondence,56b30c54-47c9-4a34-b006-d1b29cd77af9,http://www.w3.org/2004/02/skos/core#relatedMatch
3699,1629,many-to-many correspondence,5afc22d2-9a6d-4b46-9c75-7e0e3ce9eb2a,http://www.w3.org/2004/02/skos/core#relatedMatch
3699,1709,many-to-many correspondence,779e31b2-73c3-4cbf-84fd-0e8b4af2bf9c,http://www.w3.org/2004/02/skos/core#relatedMatch
3699,2029,many-to-many correspondence,0dcd6f7c-2542-41f7-8084-7c3f68589383,http://www.w3.org/2004/02/skos/core#relatedMatch
3699,2219,many-to-many correspondence,f403afe9-bf38-4d16-954c-05eea5f5146a,http://www.w3.org/2004/02/skos/core#relatedMatch
3699,2220,many-to-many correspondence,a80033f6-b3da-4123-98b4-1fb8263499a3,http://www.w3.org/2004/02/skos/core#relatedMatch
3699,2599,many-to-many correspondence,212fb332-7553-4b4e-911a-ed60d8657bd8,http://www.w3.org/2004/02/skos/core#relatedMatch
3699,2829,many-to-many correspondence,ef2b1343-4c9a-4a8d-8c3f-4cf5465baab5,http://www.w3.org/2004/02/skos/core#relatedMatch
3699,3092,many-to-many correspondence,c61e493a-89f9-42ed-bbb3-3181a082c83c,http://www.w3.org/2004/02/skos/core#relatedMatch
3699,3212,many-to-many correspondence,626663a8-a149-4f1b-aa65-7d6835608d86,http://www.w3.org/2004/02/skos/core#relatedMatch
3699,3290,many-to-many correspondence,2665192c-ea84-4959-8777-185b583b5cf9,http://www.w3.org/2004/02/skos/core#relatedMatch
3699,3312,many-to-many correspondence,f47d758d-68ed-4bc4-b4ec-829acbc20aff,http://www.w3.org/2004/02/skos/core#relatedMatch
3710,3830,many-to-one correspondence,9f7f01e7-32da-4277-9e5c-6ecf957d25ec,http://www.w3.org/2004/02/skos/core#broadMatch
3720,3830,many-to-one correspondence,4943bc3b-7f46-488f-9034-bbc93e2eb0a6,http://www.w3.org/2004/02/skos/core#broadMatch
4010,3510,one-to-one correspondence,bde00f92-e636-4265-b7f7-a409d69faa19,http://www.w3.org/2004/02/skos/core#exactMatch
4020,3520,one-to-one correspondence,271c6a93-a1bb-49f1-9d34-ba450c8d5c8e,http://www.w3.org/2004/02/skos/core#exactMatch
4030,3530,many-to-one correspondence,9f55c98d-f623-4089-805b-5efd76140bc3,http://www.w3.org/2004/02/skos/core#broadMatch
4100,3600,one-to-one correspondence,db7039f0-44e9-495f-a9f9-3fb81fec3c9a,http://www.w3.org/2004/02/skos/core#exactMatch
4510,0990,many-to-many correspondence,1b785ebb-0aa1-4dc6-be22-bce1bd55dc1d,http://www.w3.org/2004/02/skos/core#relatedMatch
4510,3900,many-to-many correspondence,d7a7e9b7-03c8-44ca-a2f5-a032d5dac1a4,http://www.w3.org/2004/02/skos/core#relatedMatch
4510,4311,one-to-many correspondence,0e433f24-052a-439e-a659-8fb73ee1d99e,http://www.w3.org/2004/02/skos/core#narrowMatch
4510,4312,many-to-many correspondence,e223dccb-9c58-430e-9ec2-1b6e9054129d,http://www.w3.org/2004/02/skos/core#relatedMatch
4520,4100,one-to-many correspondence,21f39f81-0bbd-4af8-80f0-126544e3e324,http://www.w3.org/2004/02/skos/core#narrowMatch
4520,4210,one-to-many correspondence,1a31bb01-699e-444e-8973-78704ff8be7d,http://www.w3.org/2004/02/skos/core#narrowMatch
4520,4220,one-to-many correspondence,4ef38fbd-60c8-4a3f-b47f-0d99f4f3ad22,http://www.w3.org/2004/02/skos/core#narrowMatch
4520,4290,many-to-many correspondence,df10fa4d-551c-41a3-8a8f-779e7971dae3,http://www.w3.org/2004/02/skos/core#relatedMatch
4520,4390,many-to-many correspondence,4c09b682-b4cc-45d8-aa9a-1d6e860892d6,http://www.w3.org/2004/02/skos/core#relatedMatch
4530,4321,one-to-many correspondence,045d3db8-a118-4008-949f-bc632db8c691,http://www.w3.org/2004/02/skos/core#narrowMatch
4530,4322,one-to-many correspondence,1c4f53e8-7ae9-4d05-a112-00d16af6065b,http://www.w3.org/2004/02/skos/core#narrowMatch
4530,4329,many-to-many correspondence,61e1f6aa-5d0b-46d0-9285-be6dce42f01d,http://www.w3.org/2004/02/skos/core#relatedMatch
4530,4330,many-to-many correspondence,e48db5ba-6e25-44b7-8d84-a247ac790e13,http://www.w3.org/2004/02/skos/core#relatedMatch
4530,4390,many-to-many correspondence,0e3a3a01-fde6-4a6d-b314-4cde51f1b02e,http://www.w3.org/2004/02/skos/core#relatedMatch
4540,3320,many-to-many correspondence,a3388f41-b136-4670-a7c4-49f781d6c956,http://www.w3.org/2004/02/skos/core#relatedMatch
4540,4329,many-to-many correspondence,7a58d184-f98b-418a-b9b8-992d094407b3,http://www.w3.org/2004/02/skos/core#relatedMatch
4540,4330,many-to-many correspondence,31e557b8-14fa-494d-865f-f548b19749d2,http://www.w3.org/2004/02/skos/core#relatedMatch
4540,4390,many-to-many correspondence,97f4ccc8-596b-4cf6-84ad-01e02749aa1c,http://www.w3.org/2004/02/skos/core#relatedMatch
4550,4312,many-to-many correspondence,f9ceb492-f144-4fd0-a9b3-4a1ff541bbff,http://www.w3.org/2004/02/skos/core#relatedMatch
4550,4390,many-to-many correspondence,cd7b98ac-b7b6-4b0a-9efb-9bc893f857d0,http://www.w3.org/2004/02/skos/core#relatedMatch
5010,4510,one-to-one correspondence,792b1404-bd2a-4111-9103-25f3de38a24d,http://www.w3.org/2004/02/skos/core#exactMatch
5020,4520,one-to-many correspondence,c201db8c-f059-40b6-8d2d-3c68a93a8d8a,http://www.w3.org/2004/02/skos/core#narrowMatch
5020,5221,many-to-many correspondence,b5db279d-8194-461d-9d77-8dc73e223ecb,http://www.w3.org/2004/02/skos/core#relatedMatch
5030,4530,one-to-one correspondence,b5708eb8-dd88-44c4-8704-cf2ea2ba5cf9,http://www.w3.org/2004/02/skos/core#exactMatch
5040,4540,one-to-one correspondence,557984c3-486d-4a40-80a9-e27b05bb106f,http://www.w3.org/2004/02/skos/core#exactMatch
5050,4730,one-to-one correspondence,23b9097b-93cd-451e-b2f9-b9c423541d80,http://www.w3.org/2004/02/skos/core#exactMatch
5110,4610,one-to-one correspondence,53c2ba20-0181-460f-b369-e5fac01627d5,http://www.w3.org/2004/02/skos/core#exactMatch
5121,4620,one-to-one correspondence,89b3b581-f253-49b7-a79b-118deed9d538,http://www.w3.org/2004/02/skos/core#exactMatch
5122,4630,one-to-one correspondence,bc208bcb-c381-41ec-8c31-0fbdc07fed7b,http://www.w3.org/2004/02/skos/core#exactMatch
5131,4641,one-to-one correspondence,8a6821fa-cc63-4262-946c-56e7ee378a43,http://www.w3.org/2004/02/skos/core#exactMatch
5139,4649,one-to-many correspondence,6a70ec5e-cc14-4497-8c26-56307eb35ec9,http://www.w3.org/2004/02/skos/core#narrowMatch
5139,4663,many-to-many correspondence,e9a7a8b2-f8b7-4604-99ce-49894a90ac81,http://www.w3.org/2004/02/skos/core#relatedMatch
5141,4661,one-to-one correspondence,738b3767-933d-46a4-82c0-5a4541572399,http://www.w3.org/2004/02/skos/core#exactMatch
5142,4662,one-to-one correspondence,1638e55d-a6d7-43da-b440-34b223773fec,http://www.w3.org/2004/02/skos/core#exactMatch
5143,4663,many-to-one correspondence,c06f2106-db73-4db1-a812-bdd5c245bc72,http://www.w3.org/2004/02/skos/core#broadMatch
5149,4669,one-to-one correspondence,9910239d-d8bf-42eb-91fc-895b10eb615a,http://www.w3.org/2004/02/skos/core#exactMatch
5151,4651,one-to-one correspondence,9a401ebf-9cc0-44f4-8df2-0ad1c28c1906,http://www.w3.org/2004/02/skos/core#exactMatch
5152,4652,one-to-one correspondence,02091ead-cdad-45d5-8d29-fbde514c74e3,http://www.w3.org/2004/02/skos/core#exactMatch
5159,4653,one-to-many correspondence,dc1a56fa-649f-4ea3-b01e-fc531c0c8009,http://www.w3.org/2004/02/skos/core#narrowMatch
5159,4659,one-to-many correspondence,1aed28c6-1a8e-4661-83b1-29c502f1d6de,http://www.w3.org/2004/02/skos/core#narrowMatch
5190,4690,one-to-one correspondence,e285ce7e-af9a-4348-8737-ea429bf27e44,http://www.w3.org/2004/02/skos/core#exactMatch
5211,4711,one-to-one correspondence,99c0fd36-670c-4b80-9164-a4a7fb7309d2,http://www.w3.org/2004/02/skos/core#exactMatch
5219,4719,one-to-one correspondence,6dcd11c5-3990-449c-930e-53d63a414e23,http://www.w3.org/2004/02/skos/core#exactMatch
5220,4721,one-to-many correspondence,7b277c06-7579-4458-b77c-21b8bdce257f,http://www.w3.org/2004/02/skos/core#narrowMatch
5220,4722,one-to-many correspondence,63985bd7-86fd-4efa-a8dc-5b51d788a640,http://www.w3.org/2004/02/skos/core#narrowMatch
5220,4723,one-to-many correspondence,058a5ddc-fbfd-433a-81f1-bd3c0b12ff11,http://www.w3.org/2004/02/skos/core#narrowMatch
5231,4772,one-to-one correspondence,d0db1ee4-4258-4109-bbc8-a4daf22336be,http://www.w3.org/2004/02/skos/core#exactMatch
5232,4751,one-to-many correspondence,e0c2a786-df21-4281-b031-6c80788c8486,http://www.w3.org/2004/02/skos/core#narrowMatch
5232,4771,one-to-many correspondence,4ab9ba01-159f-4a37-913e-6c88bab4c1f6,http://www.w3.org/2004/02/skos/core#narrowMatch
5233,4742,one-to-many correspondence,718bad1c-6e52-477b-a800-ca68f97102c4,http://www.w3.org/2004/02/skos/core#narrowMatch
5233,4753,many-to-many correspondence,95034e05-d419-4ef9-b1ea-7b6f6bd2c34d,http://www.w3.org/2004/02/skos/core#relatedMatch
5233,4759,one-to-many correspondence,31d7783b-2f86-4541-9f69-0f1014f6fb8f,http://www.w3.org/2004/02/skos/core#narrowMatch
5233,4762,one-to-many correspondence,9a172646-e690-41fa-9b60-d4c67c922635,http://www.w3.org/2004/02/skos/core#narrowMatch
5234,4752,one-to-one correspondence,62174c5d-cdc5-473a-80d0-72546c02e79e,http://www.w3.org/2004/02/skos/core#exactMatch
5239,4741,one-to-many correspondence,b3af1b0e-9f78-4f4f-bab4-86b0c7cc2ced,http://www.w3.org/2004/02/skos/core#narrowMatch
5239,4753,many-to-many correspondence,40fc8ea9-88c8-4f27-a52c-c52f57270d09,http://www.w3.org/2004/02/skos/core#relatedMatch
5239,4761,one-to-many correspondence,cf8fbf3a-30d3-4ef8-be9b-35247d9e0c32,http://www.w3.org/2004/02/skos/core#narrowMatch
5239,4763,one-to-many correspondence,61daceb8-4c2b-4c4a-a5c4-7d5f5ea99223,http://www.w3.org/2004/02/skos/core#narrowMatch
5239,4764,one-to-many correspondence,e1df21be-fd26-4fb4-9d8d-36faa3c239e2,http://www.w3.org/2004/02/skos/core#narrowMatch
5239,4773,one-to-many correspondence,9a9ffe61-7bea-430f-84c7-e41f3243e545,http://www.w3.org/2004/02/skos/core#narrowMatch
5240,4774,one-to-one correspondence,9bfd0f25-9fcb-4ba4-90c6-a4beaec71181,http://www.w3.org/2004/02/skos/core#exactMatch
5251,4791,many-to-one correspondence,a9313f7e-fb02-4240-9e1a-305b3f1e03b3,http://www.w3.org/2004/02/skos/core#broadMatch
5252,4781,one-to-many correspondence,4db5e75e-2de7-40b7-9c33-203a94cf49e1,http://www.w3.org/2004/02/skos/core#narrowMatch
5252,4782,one-to-many correspondence,9e20a089-289e-4658-a831-9f5784bc2c9d,http://www.w3.org/2004/02/skos/core#narrowMatch
5252,4789,one-to-many correspondence,688a43bf-b1f7-4b94-b532-52aa951adc95,http://www.w3.org/2004/02/skos/core#narrowMatch
5259,4791,many-to-many correspondence,0711df73-ef85-47af-b64c-2b2cafebe9fa,http://www.w3.org/2004/02/skos/core#relatedMatch
5259,4799,one-to-many correspondence,b2c7b3fa-c424-4190-b5d6-1afdc1cb2ab1,http://www.w3.org/2004/02/skos/core#narrowMatch
5260,3313,many-to-many correspondence,d8c4cb2f-c976-4af5-b78b-8c5f8c893135,http://www.w3.org/2004/02/skos/core#relatedMatch
5260,8020,many-to-many correspondence,146d4463-575c-4da5-bdee-af3bc9622c72,http://www.w3.org/2004/02/skos/core#relatedMatch
5260,9512,many-to-many correspondence,8aa68086-6db6-4764-b9ac-da426a466a1c,http://www.w3.org/2004/02/skos/core#relatedMatch
5260,9521,many-to-many correspondence,a2f7122b-39de-4e2f-83bd-28f85897bb8d,http://www.w3.org/2004/02/skos/core#relatedMatch
5260,9522,one-to-many correspondence,1da1794d-1aee-4364-b46c-0807574b1d01,http://www.w3.org/2004/02/skos/core#narrowMatch
5260,9523,one-to-many correspondence,b1b8451a-2e49-4089-859a-2d9d82744980,http://www.w3.org/2004/02/skos/core#narrowMatch
5260,9524,many-to-many correspondence,f3f618f8-7ec1-4661-bb4a-e9f521760b7c,http://www.w3.org/2004/02/skos/core#relatedMatch
5260,9529,one-to-many correspondence,80860462-e119-4de3-aced-6e0dd97b0556,http://www.w3.org/2004/02/skos/core#narrowMatch
5510,5510,one-to-many correspondence,e5616912-b70b-4bdd-b4ab-df670f24a75a,http://www.w3.org/2004/02/skos/core#narrowMatch
5510,5520,one-to-many correspondence,95750de0-ca95-477f-bad0-bb2a371fd9e1,http://www.w3.org/2004/02/skos/core#narrowMatch
5510,5590,one-to-many correspondence,74980b12-6079-47df-890a-482420fdf9dd,http://www.w3.org/2004/02/skos/core#narrowMatch
5520,5610,one-to-many correspondence,343eb553-0f09-4e08-99ff-19e099e15108,http://www.w3.org/2004/02/skos/core#narrowMatch
5520,5621,one-to-many correspondence,3051dcd8-9afd-4f38-8492-d4dfd0470be4,http://www.w3.org/2004/02/skos/core#narrowMatch
5520,5629,one-to-many correspondence,b8df22ab-e037-4a56-8ca5-77b43a13fcdc,http://www.w3.org/2004/02/skos/core#narrowMatch
5520,5630,one-to-many correspondence,1e4fa01e-b986-442d-9dfb-88cf6156215b,http://www.w3.org/2004/02/skos/core#narrowMatch
6010,4911,one-to-many correspondence,e8db79db-edde-47be-a92d-d9a262d509ca,http://www.w3.org/2004/02/skos/core#narrowMatch
6010,4912,one-to-many correspondence,4f00f22d-79b4-448a-8512-47f587844c4e,http://www.w3.org/2004/02/skos/core#narrowMatch
6010,5221,many-to-many correspondence,b13a4a75-5612-45a4-851e-bf632da72f5b,http://www.w3.org/2004/02/skos/core#relatedMatch
6021,4921,one-to-many correspondence,77bb339c-2137-42fd-adbe-b887910de2f5,http://www.w3.org/2004/02/skos/core#narrowMatch
6021,4922,many-to-many correspondence,88318407-cb16-4081-ba44-d030f4578346,http://www.w3.org/2004/02/skos/core#relatedMatch
6022,4922,many-to-one correspondence,9a24077c-28c3-47db-a97e-da1a072620e2,http://www.w3.org/2004/02/skos/core#broadMatch
6023,4923,one-to-one correspondence,bba9a355-cc6f-470c-be18-2a54f8c3fae4,http://www.w3.org/2004/02/skos/core#exactMatch
6030,4930,one-to-one correspondence,0f2884fd-3a34-4ea7-86c3-7f5270221013,http://www.w3.org/2004/02/skos/core#exactMatch
6110,5011,one-to-many correspondence,14816ca9-2af8-4063-929d-12243f5e78e0,http://www.w3.org/2004/02/skos/core#narrowMatch
6110,5012,one-to-many correspondence,48fcb88c-0527-408e-9985-c2431d604072,http://www.w3.org/2004/02/skos/core#narrowMatch
6120,5021,one-to-many correspondence,900d4750-552b-47e7-98ed-984c438dbb46,http://www.w3.org/2004/02/skos/core#narrowMatch
6120,5022,one-to-many correspondence,b8e2fbd3-6d9c-4808-9e2d-dea1134a79e2,http://www.w3.org/2004/02/skos/core#narrowMatch
6210,5110,many-to-many correspondence,febcb741-c09c-445a-850f-16a76275cf9f,http://www.w3.org/2004/02/skos/core#relatedMatch
6210,5120,many-to-many correspondence,a74f07e6-b9c3-4abf-81de-6affb9820af5,http://www.w3.org/2004/02/skos/core#relatedMatch
6220,5110,many-to-many correspondence,81eb3efe-50ac-4929-866a-73b7cdd97f83,http://www.w3.org/2004/02/skos/core#relatedMatch
6220,5120,many-to-many correspondence,00911c13-1b0f-4a4b-a273-91c3aedd903a,http://www.w3.org/2004/02/skos/core#relatedMatch
6301,5224,one-to-one correspondence,083cadda-2709-4924-bc4b-b2cb6f468c71,http://www.w3.org/2004/02/skos/core#exactMatch
6302,5210,one-to-one correspondence,140f9973-172f-4804-b2e4-0f39d3356765,http://www.w3.org/2004/02/skos/core#exactMatch
6303,3315,many-to-many correspondence,32c12c81-35f2-4d40-ac5c-be3593608ccd,http://www.w3.org/2004/02/skos/core#relatedMatch
6303,5221,many-to-many correspondence,0eaf1c23-bc9c-4bc8-9454-31be0fb5cd65,http://www.w3.org/2004/02/skos/core#relatedMatch
6303,5222,one-to-many correspondence,82fef1ee-38d7-4a33-b414-095fb4ea0f32,http://www.w3.org/2004/02/skos/core#narrowMatch
6303,5223,one-to-many correspondence,be8076d2-4b32-4d5c-afb6-2e10a49ac30b,http://www.w3.org/2004/02/skos/core#narrowMatch
6304,7911,one-to-many correspondence,f853ac8c-6a41-4d6d-ba41-48b5bab4af4d,http://www.w3.org/2004/02/skos/core#narrowMatch
6304,7912,one-to-many correspondence,4ebd0500-25bc-4fe3-9749-cb16be91f220,http://www.w3.org/2004/02/skos/core#narrowMatch
6304,7990,many-to-many correspondence,df5137e1-855c-4687-80fe-236afddfbf37,http://www.w3.org/2004/02/skos/core#relatedMatch
6309,5229,one-to-many correspondence,e1139c3b-3d79-408e-8e52-1f11e163fd86,http://www.w3.org/2004/02/skos/core#narrowMatch
6309,7490,many-to-many correspondence,dc07fbcc-a77a-4d59-9726-1a2015688e04,http://www.w3.org/2004/02/skos/core#relatedMatch
6411,5310,one-to-many correspondence,24e47133-ea26-4537-a751-f743f3dc7fd5,http://www.w3.org/2004/02/skos/core#narrowMatch
6411,8219,many-to-many correspondence,521b14bb-0b69-4b1e-ab53-6cb0f8a5cca0,http://www.w3.org/2004/02/skos/core#relatedMatch
6412,5320,one-to-one correspondence,c18c23c8-c387-4443-b473-ca0394de1332,http://www.w3.org/2004/02/skos/core#exactMatch
6420,6110,one-to-many correspondence,e203480c-dce8-45a5-88d2-8f035a1b8986,http://www.w3.org/2004/02/skos/core#narrowMatch
6420,6120,one-to-many correspondence,72a93032-0289-40e4-98bc-3c0f24df5968,http://www.w3.org/2004/02/skos/core#narrowMatch
6420,6130,one-to-many correspondence,94f06232-151d-4d17-afba-5f708b8d38ef,http://www.w3.org/2004/02/skos/core#narrowMatch
6420,6190,one-to-many correspondence,59868dcc-5be6-4ccf-9180-2794d6892cb4,http://www.w3.org/2004/02/skos/core#narrowMatch
6511,6411,one-to-one correspondence,442e538a-562b-4cc6-8627-4f1268728afc,http://www.w3.org/2004/02/skos/core#exactMatch
6519,6419,many-to-one correspondence,f1395f0a-658c-4f79-a139-a1ca4ec9e1c4,http://www.w3.org/2004/02/skos/core#broadMatch
6591,6491,one-to-one correspondence,d51c7c89-a2fc-4bd4-bfef-33ad5f7e521e,http://www.w3.org/2004/02/skos/core#exactMatch
6592,6492,one-to-many correspondence,96a109f1-fd14-4585-8b15-c0a02dd9b8cf,http://www.w3.org/2004/02/skos/core#narrowMatch
6592,6499,many-to-many correspondence,8d5ceb75-5639-4ac8-9fd6-4919a9ae464b,http://www.w3.org/2004/02/skos/core#relatedMatch
6599,6420,one-to-many correspondence,3bc4b03b-14b4-4834-8c27-6ab70fdcdbe1,http://www.w3.org/2004/02/skos/core#narrowMatch
6599,6430,one-to-many correspondence,3648dffc-0619-4f15-9491-bbb8b9238314,http://www.w3.org/2004/02/skos/core#narrowMatch
6599,6499,many-to-many correspondence,40e40447-9c34-4396-90c6-5ee9ac13746b,http://www.w3.org/2004/02/skos/core#relatedMatch
6599,6619,many-to-many correspondence,da3fb30f-b579-47c4-88e8-03138fa87acc,http://www.w3.org/2004/02/skos/core#relatedMatch
6599,7740,one-to-many correspondence,9e03fd1b-62ec-4587-a64c-c40456a4089d,http://www.w3.org/2004/02/skos/core#narrowMatch
6599,9499,many-to-many correspondence,c242897b-93a6-406a-8b21-c1c74c85d4f6,http://www.w3.org/2004/02/skos/core#relatedMatch
6601,6511,many-to-many correspondence,c4b840c0-f670-4432-94e4-009a0fdd0976,http://www.w3.org/2004/02/skos/core#relatedMatch
6601,6520,many-to-many correspondence,dcbc1b67-e972-4878-a85b-d4bedde218aa,http://www.w3.org/2004/02/skos/core#relatedMatch
6602,6530,one-to-many correspondence,544374d6-2158-43d6-992f-bb8b40555071,http://www.w3.org/2004/02/skos/core#narrowMatch
6602,6630,many-to-many correspondence,9cede44d-3a1d-47ae-8b1d-e783925ef887,http://www.w3.org/2004/02/skos/core#relatedMatch
6603,6511,many-to-many correspondence,e3c19558-e5a8-41e6-b1db-dbc2e2b7ff7b,http://www.w3.org/2004/02/skos/core#relatedMatch
6603,6512,one-to-many correspondence,e637e51b-e428-4e2e-b1e7-1f5db9820c05,http://www.w3.org/2004/02/skos/core#narrowMatch
6603,6520,many-to-many correspondence,b3f4f041-6b5e-4381-9141-a9f784117f4e,http://www.w3.org/2004/02/skos/core#relatedMatch
6711,6611,one-to-one correspondence,53afc0f1-f91c-4ccb-8597-c4a141e5661b,http://www.w3.org/2004/02/skos/core#exactMatch
6712,6612,many-to-many correspondence,65abfdf1-7fa1-42f6-8944-312953331d7c,http://www.w3.org/2004/02/skos/core#relatedMatch
6712,6630,many-to-many correspondence,77e6f9ac-0fac-42ef-b743-3ae97170d448,http://www.w3.org/2004/02/skos/core#relatedMatch
6719,6419,many-to-many correspondence,830a2593-5d29-42d2-ac1c-45933e223619,http://www.w3.org/2004/02/skos/core#relatedMatch
6719,6612,many-to-many correspondence,b9168764-58f1-4c3d-9d0e-8d25d833424e,http://www.w3.org/2004/02/skos/core#relatedMatch
6719,6619,many-to-many correspondence,a9e7bfa6-9629-4e83-8339-3f2693a67d07,http://www.w3.org/2004/02/skos/core#relatedMatch
6720,6621,one-to-many correspondence,87fb55f0-4f01-410f-8616-5ff3ef9551ab,http://www.w3.org/2004/02/skos/core#narrowMatch
6720,6622,one-to-many correspondence,842d4b6e-3dba-4e35-beb5-2f0781ad7cca,http://www.w3.org/2004/02/skos/core#narrowMatch
6720,6629,one-to-many correspondence,64208a86-a729-4093-befe-081fd326c6b1,http://www.w3.org/2004/02/skos/core#narrowMatch
7010,4290,many-to-many correspondence,68e1f639-bb09-44c0-b6e8-cd3e1af59ab4,http://www.w3.org/2004/02/skos/core#relatedMatch
7010,6810,many-to-many correspondence,189999f8-82c3-4125-bdc5-df484684cfee,http://www.w3.org/2004/02/skos/core#relatedMatch
7020,6820,many-to-many correspondence,29d1f150-ed73-4a54-8c9a-88a4ca91ecc4,http://www.w3.org/2004/02/skos/core#relatedMatch
7020,8110,one-to-many correspondence,5778bc06-da44-4947-bce8-16815e6e7c8a,http://www.w3.org/2004/02/skos/core#narrowMatch
7111,7710,one-to-many correspondence,f164375f-9e52-44ca-ab9c-29dc4aaf3ff5,http://www.w3.org/2004/02/skos/core#narrowMatch
7111,7730,many-to-many correspondence,06ea16af-ed74-4fbf-a39e-27e5ad44b0ed,http://www.w3.org/2004/02/skos/core#relatedMatch
7112,7730,many-to-one correspondence,5f114b36-31a2-4c60-9152-28a7d83225b2,http://www.w3.org/2004/02/skos/core#broadMatch
7113,7730,many-to-one correspondence,001e4462-2f87-4856-871b-ec6cfff0ca08,http://www.w3.org/2004/02/skos/core#broadMatch
7121,7730,many-to-one correspondence,7aa96ef3-3497-44ef-a928-83f6f445b0a0,http://www.w3.org/2004/02/skos/core#broadMatch
7122,7730,many-to-one correspondence,cb16da29-5e6b-4b4b-9cb3-f9c5b2fa3593,http://www.w3.org/2004/02/skos/core#broadMatch
7123,7730,many-to-one correspondence,aa6b047b-2901-40f5-a2a5-7e57a6a17611,http://www.w3.org/2004/02/skos/core#broadMatch
7129,7730,many-to-one correspondence,bb0032cd-3cbd-4a19-a9ef-f867e03d2f90,http://www.w3.org/2004/02/skos/core#broadMatch
7130,7721,one-to-many correspondence,3616a02a-38cc-4e64-bad2-ac95223ac90b,http://www.w3.org/2004/02/skos/core#narrowMatch
7130,7722,one-to-many correspondence,63eb38ab-5011-4e3d-89b9-db6d686480a7,http://www.w3.org/2004/02/skos/core#narrowMatch
7130,7729,one-to-many correspondence,2e07244e-0dc7-409b-9893-b4dec58e6bc6,http://www.w3.org/2004/02/skos/core#narrowMatch
7130,7730,many-to-many correspondence,0ea32db6-676c-4aca-a0fc-8f6a119eff0e,http://www.w3.org/2004/02/skos/core#relatedMatch
7210,6202,many-to-one correspondence,1983ab98-5169-4c9a-8a13-a601d84c5df9,http://www.w3.org/2004/02/skos/core#broadMatch
7221,5820,many-to-one correspondence,d6bf418a-95ba-4445-a4e6-f53dee16d155,http://www.w3.org/2004/02/skos/core#broadMatch
7229,6201,one-to-many correspondence,a5bbb8f1-2ea5-46c2-85ba-bb5e90c85767,http://www.w3.org/2004/02/skos/core#narrowMatch
7229,6202,many-to-many correspondence,e3dd20ea-987b-4051-ba0a-8ba4c346e603,http://www.w3.org/2004/02/skos/core#relatedMatch
7230,6202,many-to-many correspondence,f169d572-46c9-4e22-9701-116752afed67,http://www.w3.org/2004/02/skos/core#relatedMatch
7230,6311,one-to-many correspondence,19b7f200-e34e-4e51-b668-24cc20bb413d,http://www.w3.org/2004/02/skos/core#narrowMatch
7240,5811,many-to-many correspondence,cd9f9d66-5619-431a-b5f4-a28d4d3959db,http://www.w3.org/2004/02/skos/core#relatedMatch
7240,5812,many-to-many correspondence,014cd6ab-1ee7-419f-84a8-c27b08dc06c2,http://www.w3.org/2004/02/skos/core#relatedMatch
7240,5813,many-to-many correspondence,9654b9b8-49e6-497f-b5c3-0f679af1af79,http://www.w3.org/2004/02/skos/core#relatedMatch
7240,5819,many-to-many correspondence,7114e8f6-1db7-4dbd-8acd-172eabdbff94,http://www.w3.org/2004/02/skos/core#relatedMatch
7240,5820,many-to-many correspondence,e69a6490-11b0-42a0-af11-e1bb058b8696,http://www.w3.org/2004/02/skos/core#relatedMatch
7240,5920,many-to-many correspondence,effb4740-1544-46c5-82d1-3f3fefab8871,http://www.w3.org/2004/02/skos/core#relatedMatch
7240,6010,many-to-many correspondence,06a567e4-38ba-4f03-a256-53ad4872f3a4,http://www.w3.org/2004/02/skos/core#relatedMatch
7240,6020,many-to-many correspondence,f7267f6a-a9a1-43c8-9d96-4d3737574dcb,http://www.w3.org/2004/02/skos/core#relatedMatch
7240,6312,one-to-many correspondence,42800f18-f1e9-4e62-abc1-80652818aa28,http://www.w3.org/2004/02/skos/core#narrowMatch
7250,3312,many-to-many correspondence,ebff73ca-94c8-4d17-92eb-eec076f7ef81,http://www.w3.org/2004/02/skos/core#relatedMatch
7250,9511,one-to-many correspondence,61022b6f-f350-4340-bf33-8c1b1f504d36,http://www.w3.org/2004/02/skos/core#narrowMatch
7290,6209,one-to-one correspondence,56c14723-5afe-4e80-b6a4-4d6ea568070e,http://www.w3.org/2004/02/skos/core#exactMatch
7310,7210,one-to-many correspondence,95594ebe-2879-491d-a26e-4bd77a0c5a15,http://www.w3.org/2004/02/skos/core#narrowMatch
7310,7220,many-to-many correspondence,06751823-4adc-42f1-8d33-d185d6e50579,http://www.w3.org/2004/02/skos/core#relatedMatch
7320,7220,many-to-one correspondence,b8c9e105-dfb0-4908-a8d7-fe36d51cb3e7,http://www.w3.org/2004/02/skos/core#broadMatch
7411,6910,one-to-one correspondence,147f30f9-911a-412d-9017-dc384167f596,http://www.w3.org/2004/02/skos/core#exactMatch
7412,6920,one-to-one correspondence,736c51be-5cf8-4ad5-acfa-aa6259d0aa93,http://www.w3.org/2004/02/skos/core#exactMatch
7413,7320,one-to-one correspondence,83d2ffd7-8c5b-4cc6-bcd6-6c1a39f4c4bf,http://www.w3.org/2004/02/skos/core#exactMatch
7414,7010,one-to-many correspondence,036632f4-f508-4345-903b-adf4b47a0bcd,http://www.w3.org/2004/02/skos/core#narrowMatch
7414,7020,one-to-many correspondence,33df5f18-d16d-4a67-9649-0d8e351ad261,http://www.w3.org/2004/02/skos/core#narrowMatch
7414,7490,many-to-many correspondence,2a4be610-b50c-4041-ac5f-30f255319018,http://www.w3.org/2004/02/skos/core#relatedMatch
7414,8550,many-to-many correspondence,292b4bd9-1e9d-40aa-8904-26cca65e6500,http://www.w3.org/2004/02/skos/core#relatedMatch
7421,0910,many-to-many correspondence,66bc9eeb-d5eb-43d0-ba85-4f450b58b156,http://www.w3.org/2004/02/skos/core#relatedMatch
7421,0990,many-to-many correspondence,7e42da4c-0ce6-46ab-8e15-f0d6cf645a9a,http://www.w3.org/2004/02/skos/core#relatedMatch
7421,7110,one-to-many correspondence,07d8c012-924e-4c67-af33-22a69ed1823a,http://www.w3.org/2004/02/skos/core#narrowMatch
7421,7410,many-to-many correspondence,9f359419-cf8e-4611-87a8-e7766e95cbb6,http://www.w3.org/2004/02/skos/core#relatedMatch
7421,7490,many-to-many correspondence,7f098ea7-e764-4b24-b72e-32ad9e281c20,http://www.w3.org/2004/02/skos/core#relatedMatch
7422,7120,many-to-one correspondence,6fc580fc-f938-4fa0-ba30-5bfef8a1c94e,http://www.w3.org/2004/02/skos/core#broadMatch
7430,7310,many-to-one correspondence,40bbc026-c47e-47c9-9ed7-213f633721e6,http://www.w3.org/2004/02/skos/core#broadMatch
7491,7810,many-to-many correspondence,3971dd2d-70ee-4a0c-8834-275a572c902a,http://www.w3.org/2004/02/skos/core#relatedMatch
7491,7820,one-to-many correspondence,971e6df6-8833-46f4-ab0d-540ea7afdb94,http://www.w3.org/2004/02/skos/core#narrowMatch
7491,7830,one-to-many correspondence,d156ba2a-9d2e-41ce-876f-25a454c7b258,http://www.w3.org/2004/02/skos/core#narrowMatch
7492,7490,many-to-many correspondence,d8cc9fb0-3c75-4bd5-a65c-86200c672ae8,http://www.w3.org/2004/02/skos/core#relatedMatch
7492,8010,one-to-many correspondence,c6394765-a0ed-4d42-9b26-1392e6fababa,http://www.w3.org/2004/02/skos/core#narrowMatch
7492,8020,many-to-many correspondence,8931f59c-dfd5-4b5d-a46f-95eb3aded848,http://www.w3.org/2004/02/skos/core#relatedMatch
7492,8030,one-to-many correspondence,ed720067-df13-45d5-9592-74015e81f216,http://www.w3.org/2004/02/skos/core#narrowMatch
7493,8121,one-to-many correspondence,41ab4590-f58a-4af6-ad50-06057ed6f1f7,http://www.w3.org/2004/02/skos/core#narrowMatch
7493,8129,many-to-many correspondence,6e4b492d-ba5c-4429-8656-0410a641a4da,http://www.w3.org/2004/02/skos/core#relatedMatch
7494,7420,many-to-one correspondence,221dc1e8-64aa-409f-8705-813f0b9a9cb7,http://www.w3.org/2004/02/skos/core#broadMatch
7495,8292,one-to-one correspondence,2b29d3cc-fa67-4f76-9b1a-417354dc31a6,http://www.w3.org/2004/02/skos/core#exactMatch
7499,6399,one-to-many correspondence,ad9ad5ae-ee93-4a20-a38d-25d96e8cbd3d,http://www.w3.org/2004/02/skos/core#narrowMatch
7499,7310,many-to-many correspondence,c812fe96-148f-4888-a60f-5d4c0b2db6ac,http://www.w3.org/2004/02/skos/core#relatedMatch
7499,7410,many-to-many correspondence,aa918937-55b3-4091-b303-04d371ae3744,http://www.w3.org/2004/02/skos/core#relatedMatch
7499,7490,many-to-many correspondence,8325c691-3bc2-4810-b4fc-caa499d23b57,http://www.w3.org/2004/02/skos/core#relatedMatch
7499,8211,one-to-many correspondence,9a7586e0-6511-4408-a834-4ed8a6c930ff,http://www.w3.org/2004/02/skos/core#narrowMatch
7499,8219,many-to-many correspondence,0c173653-7337-4381-9a56-a1d07a4cdf0e,http://www.w3.org/2004/02/skos/core#relatedMatch
7499,8220,one-to-many correspondence,7ac7c664-be80-4cf2-a6b4-c00b61123a9b,http://www.w3.org/2004/02/skos/core#narrowMatch
7499,8230,one-to-many correspondence,13e2702b-3e4b-4ec0-943e-bc3dc3e9012d,http://www.w3.org/2004/02/skos/core#narrowMatch
7499,8291,one-to-many correspondence,65c61888-0c18-4d80-b3ec-af5b5a1920b3,http://www.w3.org/2004/02/skos/core#narrowMatch
7499,8299,one-to-many correspondence,e8c06500-1fc9-433d-b39b-fbbd5baebf99,http://www.w3.org/2004/02/skos/core#narrowMatch
7499,8550,many-to-many correspondence,df6ff217-6582-4f98-b38e-ef996782c2f7,http://www.w3.org/2004/02/skos/core#relatedMatch
7511,8411,many-to-one correspondence,43bcff4c-cd1d-4b84-a90c-aac3a00607ef,http://www.w3.org/2004/02/skos/core#broadMatch
7512,8412,one-to-one correspondence,2bc8df40-a9b1-49df-ab00-c4c883aa2902,http://www.w3.org/2004/02/skos/core#exactMatch
7513,7990,many-to-many correspondence,f9010a07-0a48-4b6d-91f7-d689fa8372d7,http://www.w3.org/2004/02/skos/core#relatedMatch
7513,8413,one-to-many correspondence,e1700cf7-dd97-4fb3-a7f7-57b65d4990ab,http://www.w3.org/2004/02/skos/core#narrowMatch
7514,6810,many-to-many correspondence,0ee343ee-f52c-4c6e-9ab3-ae1c8b9993bf,http://www.w3.org/2004/02/skos/core#relatedMatch
7514,6820,many-to-many correspondence,36a5b63f-8ca2-48b8-9733-6242fa5b9bb8,http://www.w3.org/2004/02/skos/core#relatedMatch
7514,8411,many-to-many correspondence,d235cc97-efd5-4a04-a9a9-37c21c286344,http://www.w3.org/2004/02/skos/core#relatedMatch
7514,9101,many-to-many correspondence,3f2f25e9-5e34-43d8-b048-8c145b1d4127,http://www.w3.org/2004/02/skos/core#relatedMatch
7521,8421,one-to-many correspondence,a2dfac5a-7f8a-477f-8b69-761ef5b2225c,http://www.w3.org/2004/02/skos/core#narrowMatch
7521,8890,many-to-many correspondence,7eb01708-6b55-48d6-9927-e80f9c69249e,http://www.w3.org/2004/02/skos/core#relatedMatch
7522,8422,one-to-one correspondence,78e2ef24-dd90-4003-b1a0-5ae9214c968b,http://www.w3.org/2004/02/skos/core#exactMatch
7523,7120,many-to-many correspondence,40ab67cb-edcc-450b-a9d8-77fc1db708ea,http://www.w3.org/2004/02/skos/core#relatedMatch
7523,8423,one-to-many correspondence,ff01bf55-6f8d-4e02-b46b-a87e29bb8013,http://www.w3.org/2004/02/skos/core#narrowMatch
7530,8430,one-to-one correspondence,739d484f-46e6-4276-80d0-8a2156cc5dae,http://www.w3.org/2004/02/skos/core#exactMatch
8010,8510,one-to-one correspondence,c22df4fe-75fa-4926-845e-d12194b322b2,http://www.w3.org/2004/02/skos/core#exactMatch
8021,8521,one-to-one correspondence,e2d4a554-0cff-45f7-b44a-d8dc17db6340,http://www.w3.org/2004/02/skos/core#exactMatch
8022,8522,many-to-one correspondence,eb08773e-76d9-49b0-ba7a-2e1c9a0b4cef,http://www.w3.org/2004/02/skos/core#broadMatch
8030,8530,one-to-one correspondence,3edb0c7c-0316-4706-bb91-d6ef1018c890,http://www.w3.org/2004/02/skos/core#exactMatch
8090,8522,many-to-many correspondence,83edb4a3-856c-4a04-b313-4cd9fa9daf5e,http://www.w3.org/2004/02/skos/core#relatedMatch
8090,8542,many-to-many correspondence,4dae40bd-ab11-4185-b0b7-f7135cb5461d,http://www.w3.org/2004/02/skos/core#relatedMatch
8090,8549,many-to-many correspondence,84d9cd5a-af19-49f5-8266-879108e720cb,http://www.w3.org/2004/02/skos/core#relatedMatch
8511,8610,one-to-one correspondence,1d0661ab-8a74-4f29-be61-18121327a65e,http://www.w3.org/2004/02/skos/core#exactMatch
8512,8620,one-to-one correspondence,d33518e8-44b9-4426-bc42-691c40e4e6d5,http://www.w3.org/2004/02/skos/core#exactMatch
8519,8690,one-to-many correspondence,d970c60d-90f9-4199-a884-d2969289ac12,http://www.w3.org/2004/02/skos/core#narrowMatch
8519,8710,one-to-many correspondence,3c192673-6a30-4b91-8260-f2ce16f5087e,http://www.w3.org/2004/02/skos/core#narrowMatch
8519,8720,many-to-many correspondence,cb8f3b55-be97-4e52-bf97-88d42e1c2323,http://www.w3.org/2004/02/skos/core#relatedMatch
8519,8730,many-to-many correspondence,d450c537-088d-4aa4-99d6-836a400a7079,http://www.w3.org/2004/02/skos/core#relatedMatch
8520,7500,one-to-one correspondence,88958d17-da08-4620-94eb-24bf06e2c18b,http://www.w3.org/2004/02/skos/core#exactMatch
8531,8720,many-to-many correspondence,8c619f96-533c-4f5b-a761-b6f8233e39e5,http://www.w3.org/2004/02/skos/core#relatedMatch
8531,8730,many-to-many correspondence,bcde2152-ef00-48ae-92be-d4f8897a6509,http://www.w3.org/2004/02/skos/core#relatedMatch
8531,8790,one-to-many correspondence,08070d88-188b-4a97-846f-24bef684adae,http://www.w3.org/2004/02/skos/core#narrowMatch
8532,8550,many-to-many correspondence,6336302f-add5-4b0f-857e-dbe623bc3e30,http://www.w3.org/2004/02/skos/core#relatedMatch
8532,8810,one-to-many correspondence,61614240-3b75-4141-bef3-e27f52868a4d,http://www.w3.org/2004/02/skos/core#narrowMatch
8532,8890,many-to-many correspondence,2559499b-4b6f-4414-9664-75b59fe74235,http://www.w3.org/2004/02/skos/core#relatedMatch
9000,3700,one-to-many correspondence,fa845404-b442-4436-a055-a176457bc5f4,http://www.w3.org/2004/02/skos/core#narrowMatch
9000,3811,one-to-many correspondence,56cffc54-51ea-46ad-bcfe-a455001c10af,http://www.w3.org/2004/02/skos/core#narrowMatch
9000,3812,many-to-many correspondence,da52500e-d821-4f2d-9d4d-2cfb129ba162,http://www.w3.org/2004/02/skos/core#relatedMatch
9000,3821,many-to-many correspondence,7e3edf64-47f3-4557-9b90-37417fc71794,http://www.w3.org/2004/02/skos/core#relatedMatch
9000,3822,many-to-many correspondence,82dc3e00-7808-440b-8ff5-7122d26a78ee,http://www.w3.org/2004/02/skos/core#relatedMatch
9000,3900,many-to-many correspondence,8c0e19d3-5f04-4416-94e0-45528907ba6a,http://www.w3.org/2004/02/skos/core#relatedMatch
9000,8129,many-to-many correspondence,6b48d23c-5b3d-4e6f-abb5-fdbc2cef94be,http://www.w3.org/2004/02/skos/core#relatedMatch
9000,8130,many-to-many correspondence,a7ad35c0-752b-439e-83ab-6e53f17ff7d3,http://www.w3.org/2004/02/skos/core#relatedMatch
9111,9411,one-to-one correspondence,70058a86-39b0-4a19-abb2-305f2382e017,http://www.w3.org/2004/02/skos/core#exactMatch
9112,9412,one-to-one correspondence,7212c6f1-1403-4519-9eb5-9f270fc6a228,http://www.w3.org/2004/02/skos/core#exactMatch
9120,9420,one-to-one correspondence,dffb0392-8526-4a88-8f74-199554357a2f,http://www.w3.org/2004/02/skos/core#exactMatch
9191,9491,one-to-one correspondence,8d3fb4d7-1a74-45dc-a796-6f240a1403a7,http://www.w3.org/2004/02/skos/core#exactMatch
9192,9492,one-to-one correspondence,c7aec81f-4bc4-4192-817b-2ee158279212,http://www.w3.org/2004/02/skos/core#exactMatch
9199,9499,many-to-one correspondence,f30a58ce-4ba2-4d87-bc96-ddaeb9b6223d,http://www.w3.org/2004/02/skos/core#broadMatch
9211,5911,many-to-many correspondence,a607f7db-2b1b-42bf-b3c1-48116ccc2145,http://www.w3.org/2004/02/skos/core#relatedMatch
9211,5912,many-to-many correspondence,cab2683f-7ed8-4233-91a0-88eb8975391e,http://www.w3.org/2004/02/skos/core#relatedMatch
9211,5913,one-to-many correspondence,cc7e7307-9f9a-4399-bd9d-0686e30ca4a6,http://www.w3.org/2004/02/skos/core#narrowMatch
9211,5920,many-to-many correspondence,0a7d4f7a-b5cd-48b7-b72d-af217e3a23f8,http://www.w3.org/2004/02/skos/core#relatedMatch
9212,5914,one-to-one correspondence,832f07e3-8760-4404-87ae-bd666984825b,http://www.w3.org/2004/02/skos/core#exactMatch
9213,5911,many-to-many correspondence,5f27944e-eb74-4fe2-a150-759afaa241d2,http://www.w3.org/2004/02/skos/core#relatedMatch
9213,5920,many-to-many correspondence,d3327278-2616-4075-aedd-ea62f4519d5e,http://www.w3.org/2004/02/skos/core#relatedMatch
9213,6010,many-to-many correspondence,f33d15ba-4a8b-438c-9547-341962b3052f,http://www.w3.org/2004/02/skos/core#relatedMatch
9213,6020,many-to-many correspondence,b8ea5a64-8412-4cf6-bb2a-bf4836c8e57d,http://www.w3.org/2004/02/skos/core#relatedMatch
9214,7990,many-to-many correspondence,effa3348-8faa-4986-a211-83b6b9ef89d5,http://www.w3.org/2004/02/skos/core#relatedMatch
9214,9000,many-to-many correspondence,6ca2a446-c00a-4d3d-b167-fbe061758b64,http://www.w3.org/2004/02/skos/core#relatedMatch
9219,7990,many-to-many correspondence,524f4032-49af-494f-a929-f61b962c9896,http://www.w3.org/2004/02/skos/core#relatedMatch
9219,8542,many-to-many correspondence,bb2a8e49-c76a-41f9-83ff-a09dfe7d45d7,http://www.w3.org/2004/02/skos/core#relatedMatch
9219,9000,many-to-many correspondence,b7b0ada5-b88f-4b5a-8d0a-476fdc80bddd,http://www.w3.org/2004/02/skos/core#relatedMatch
9219,9321,one-to-many correspondence,6cd76d5f-9928-4117-b26f-a4957477d94f,http://www.w3.org/2004/02/skos/core#narrowMatch
9219,9329,many-to-many correspondence,d8919967-79ea-49ba-ad09-bc8d58cc2ff3,http://www.w3.org/2004/02/skos/core#relatedMatch
9220,6391,one-to-many correspondence,dc2ef9e7-7257-4c53-800f-8dbeb829bdff,http://www.w3.org/2004/02/skos/core#narrowMatch
9220,7420,many-to-many correspondence,9ce23055-a451-440a-a01c-0420b4dcab92,http://www.w3.org/2004/02/skos/core#relatedMatch
9220,9000,many-to-many correspondence,c30a4feb-52d0-490e-9a00-6317d4f4102c,http://www.w3.org/2004/02/skos/core#relatedMatch
9231,5912,many-to-many correspondence,eb901a35-6e8b-4fcf-88e0-912c10c962b3,http://www.w3.org/2004/02/skos/core#relatedMatch
9231,9101,many-to-many correspondence,22e10436-4395-45d1-a73d-e0e39a81a84a,http://www.w3.org/2004/02/skos/core#relatedMatch
9232,9102,one-to-one correspondence,cf97c9ed-e570-4fc5-bd45-d39bf242a06d,http://www.w3.org/2004/02/skos/core#exactMatch
9233,9103,one-to-one correspondence,483db20e-d55c-4da7-8eac-10ce09379d97,http://www.w3.org/2004/02/skos/core#exactMatch
9241,4922,many-to-many correspondence,a4cae8cf-a8b0-49b7-b914-afa84eb0ad5e,http://www.w3.org/2004/02/skos/core#relatedMatch
9241,7990,many-to-many correspondence,650f3ddb-30fa-4a04-a7ed-464811aadf2c,http://www.w3.org/2004/02/skos/core#relatedMatch
9241,8541,many-to-many correspondence,0273a8c6-e5d9-4ec5-9c04-dc4f12fdf4eb,http://www.w3.org/2004/02/skos/core#relatedMatch
9241,8549,many-to-many correspondence,84f79294-7ba8-4455-bebf-138cb3aafbc6,http://www.w3.org/2004/02/skos/core#relatedMatch
9241,9311,one-to-many correspondence,dd3208f8-4f4f-44a2-af4d-d21192f8e6f0,http://www.w3.org/2004/02/skos/core#narrowMatch
9241,9312,one-to-many correspondence,ca5eb2df-ea32-4d2c-8578-3e3311341e6f,http://www.w3.org/2004/02/skos/core#narrowMatch
9241,9319,one-to-many correspondence,7cbac6d9-944e-49c0-8990-33a1204949ff,http://www.w3.org/2004/02/skos/core#narrowMatch
9241,9329,many-to-many correspondence,aedf25a0-9dfa-4afc-ad4a-d18c51d91ba7,http://www.w3.org/2004/02/skos/core#relatedMatch
9249,7810,many-to-many correspondence,b86dd015-48ad-4ece-93bf-e34fc72e58ad,http://www.w3.org/2004/02/skos/core#relatedMatch
9249,9200,one-to-many correspondence,40ec13d5-d14a-461a-bf89-7d359e099440,http://www.w3.org/2004/02/skos/core#narrowMatch
9249,9329,many-to-many correspondence,ac057cb0-5871-4673-8eee-137f0298c6ce,http://www.w3.org/2004/02/skos/core#relatedMatch
9301,9601,one-to-one correspondence,697998a2-075b-4c5a-9290-fc2c4eba8f1f,http://www.w3.org/2004/02/skos/core#exactMatch
9302,9602,one-to-one correspondence,82d40590-2a4d-4054-857f-affbb3cb0c16,http://www.w3.org/2004/02/skos/core#exactMatch
9303,9603,one-to-one correspondence,67606d26-6d4d-4e77-89e9-277eecde0ffe,http://www.w3.org/2004/02/skos/core#exactMatch
9309,8541,many-to-many correspondence,6d520595-bc6f-4eb0-8530-07cd0786cef4,http://www.w3.org/2004/02/skos/core#relatedMatch
9309,9609,one-to-many correspondence,a32db99d-fe6d-4f67-99ac-f6f032283626,http://www.w3.org/2004/02/skos/core#narrowMatch
9500,9700,one-to-one correspondence,e3941403-4a4b-47d9-9b05-f490492efc52,http://www.w3.org/2004/02/skos/core#exactMatch
9600,9810,one-to-one correspondence,57e13cd7-d334-4fcd-bb84-dc003be59044,http://www.w3.org/2004/02/skos/core#exactMatch
9700,9820,one-to-one correspondence,af5ffdbc-9830-4a3f-aabc-d362ed5e107b,http://www.w3.org/2004/02/skos/core#exactMatch
9900,9900,one-to-one correspondence,e7d55a9b-bc47-4085-8892-99a8e9322c1f,http://www.w3.org/2004/02/skos/core#exactMatch
